Id,Predicted
0,1084950
1,5444150
2,1653750
3,1300350
4,706650
5,1127550
6,25407100
7,706650
8,676200
9,2068500
10,8026650
11,2396100
12,3705250
13,1300350
14,1300350
15,2439150
16,1300350
17,5336950
18,706650
19,676200
20,1300350
21,706650
22,1207500
23,2251200
24,1653750
25,727650
26,1762450
27,706650
28,7339500
29,676200
30,5071850
31,1300350
32,676200
33,1653750
34,2805150
35,706650
36,676200
37,5250000
38,14647500
39,7087500
40,4078650
41,706650
42,706650
43,7087500
44,676200
45,676200
46,676200
47,1084950
48,544950
49,706650
50,544950
51,1300350
52,2253850
53,8026650
54,17143350
55,706650
56,1443750
57,7087500
58,2396100
59,1276200
60,8026650
61,7532700
62,2439150
63,1207500
64,8026650
65,706650
66,706650
67,760200
68,1127550
69,1300350
70,706650
71,1314600
72,2312550
73,2600300
74,760200
75,676200
76,850500
77,1300350
78,1084950
79,1300350
80,676200
81,1084950
82,8026650
83,1276200
84,2805150
85,17656250
86,2600300
87,21840000
88,706650
89,2180850
90,10500000
91,1300350
92,2180850
93,5071700
94,850500
95,727650
96,1300350
97,4110750
98,2475900
99,8026650
100,1300350
101,5762400
102,5762400
103,2439150
104,895650
105,2600300
106,12636750
107,850500
108,1638000
109,1300350
110,21706250
111,1300350
112,676200
113,7087500
114,1084950
115,1300350
116,1638000
117,378000
118,2439150
119,1300350
120,5071700
121,12636750
122,706650
123,1276200
124,4977000
125,2439150
126,1276200
127,1314600
128,715550
129,4078650
130,17143350
131,3295950
132,2439150
133,706650
134,3295950
135,2600300
136,1762450
137,7532700
138,706650
139,5071850
140,572250
141,7532700
142,2312550
143,1300350
144,5762400
145,2396100
146,4751250
147,727650
148,14595000
149,4200000
150,1485750
151,2600300
152,1300350
153,1636950
154,7081200
155,1501500
156,1485750
157,2600300
158,5460000
159,1762450
160,850500
161,3507000
162,706650
163,1300350
164,1300350
165,378000
166,19110000
167,25407100
168,544950
169,2312550
170,5762400
171,5444150
172,727650
173,9117150
174,17143350
175,676200
176,7087500
177,2475900
178,1300350
179,1300350
180,706650
181,9117150
182,1300350
183,7596750
184,850500
185,1300350
186,1084950
187,2251200
188,3787700
189,1084950
190,2251200
191,1084950
192,850500
193,5307750
194,676200
195,7087500
196,706650
197,1300350
198,727650
199,4078650
200,1392300
201,8581400
202,7087500
203,18643250
204,5071700
205,2396100
206,1314600
207,1084950
208,7532700
209,706650
210,3295950
211,2439150
212,572250
213,676200
214,2805150
215,895650
216,1762450
217,1127550
218,2600300
219,706650
220,1084950
221,1300350
222,706650
223,5075700
224,850500
225,706650
226,676200
227,676200
228,1762450
229,544950
230,1300350
231,1127550
232,850500
233,8026650
234,7087500
235,1627500
236,4110750
237,5071850
238,8026650
239,7087500
240,2253850
241,706650
242,7087500
243,706650
244,676200
245,1300350
246,7391950
247,706650
248,5659500
249,2600300
250,2251200
251,1300350
252,8026650
253,5071850
254,706650
255,14647500
256,8026650
257,5250000
258,706650
259,706650
260,2312550
261,1300350
262,7087500
263,706650
264,706650
265,1300350
266,2180850
267,12769050
268,727650
269,2312550
270,7087500
271,2180850
272,2475900
273,1638000
274,17143350
275,2805150
276,706650
277,4541250
278,527650
279,8262150
280,1300350
281,14175000
282,727650
283,676200
284,12636750
285,2805150
286,1276200
287,1300350
288,5297250
289,7391950
290,1276200
291,760200
292,3295950
293,2600300
294,5071700
295,1300350
296,5250000
297,1127550
298,7087500
299,2600300
300,7532700
301,12769050
302,2600300
303,2600300
304,5075700
305,760200
306,4819500
307,5659500
308,9870000
309,4751250
310,6090000
311,706650
312,2818200
313,7087500
314,676200
315,2251200
316,2312550
317,2600300
318,1300350
319,727650
320,706650
321,7087500
322,706650
323,5071700
324,1653750
325,6090000
326,706650
327,14322000
328,19110000
329,6090000
330,2115750
331,2180850
332,2475900
333,2396100
334,2805150
335,1314600
336,1084950
337,10500000
338,1300350
339,2312550
340,706650
341,3822000
342,1127550
343,1762450
344,1300350
345,1300350
346,2073150
347,2115750
348,2251200
349,706650
350,2475900
351,706650
352,1314600
353,1653750
354,17143350
355,1485750
356,1300350
357,676200
358,5071700
359,7245000
360,544950
361,1653750
362,1300350
363,3301650
364,2396100
365,1653750
366,2600300
367,760200
368,2805150
369,1300350
370,5250000
371,706650
372,8581400
373,1276200
374,2600300
375,1300350
376,706650
377,2600300
378,5336950
379,2047000
380,1627500
381,706650
382,2805150
383,1300350
384,706650
385,1300350
386,2180850
387,1300350
388,2600300
389,1653750
390,2312550
391,7532700
392,2396100
393,3787700
394,10011750
395,706650
396,2115750
397,676200
398,7532700
399,760200
400,2312550
401,3295950
402,2475900
403,3301650
404,2439150
405,2251200
406,1127550
407,1300350
408,1127550
409,706650
410,2312550
411,6331500
412,670950
413,2475900
414,1300350
415,706650
416,7532700
417,1653750
418,5086200
419,7391950
420,21706250
421,901350
422,1300350
423,1300350
424,25407100
425,19110000
426,3997100
427,7753200
428,5250000
429,1485750
430,1653750
431,727650
432,1300350
433,5336950
434,1207500
435,2180850
436,2251200
437,5071850
438,6482700
439,2251200
440,706650
441,1300350
442,2600300
443,2312550
444,676200
445,7532700
446,1300350
447,5762400
448,2312550
449,1496250
450,7087500
451,1300350
452,5075700
453,1762450
454,1084950
455,1127550
456,1084950
457,727650
458,2396100
459,676200
460,2600300
461,6918300
462,1762450
463,7087500
464,2805150
465,2805150
466,2251200
467,21706250
468,1532500
469,1084950
470,706650
471,1300350
472,1207500
473,2396100
474,5187000
475,1300350
476,5444150
477,1300350
478,3295950
479,2805150
480,7087500
481,5250000
482,1084950
483,1084950
484,2396100
485,1276200
486,1300350
487,1501500
488,1300350
489,1300350
490,2475900
491,7087500
492,17143350
493,2396100
494,727650
495,706650
496,2805150
497,3920700
498,1300350
499,1300350
500,1084950
501,1300350
502,7665000
503,706650
504,1207500
505,727650
506,5336950
507,1300350
508,5071850
509,1485750
510,2475900
511,1818600
512,378000
513,2289000
514,5071700
515,1300350
516,5071700
517,2600300
518,2251200
519,2152500
520,21706250
521,7087500
522,2115750
523,1306200
524,2600300
525,1300350
526,706650
527,727650
528,850500
529,2475900
530,1276200
531,1300350
532,7087500
533,1127550
534,1348200
535,17143350
536,2396100
537,4078650
538,1653750
539,901350
540,2439150
541,1627500
542,850500
543,706650
544,2600300
545,676200
546,1314600
547,4078650
548,9071950
549,850500
550,2805150
551,8026650
552,676200
553,4882500
554,7665000
555,2439150
556,1300350
557,706650
558,2439150
559,1276200
560,8026650
561,17143350
562,7532700
563,1127550
564,1627500
565,2289000
566,5071700
567,1300350
568,2180850
569,1300350
570,1300350
571,9117150
572,1300350
573,2312550
574,706650
575,2180850
576,706650
577,1300350
578,850500
579,2312550
580,1300350
581,2180850
582,2818200
583,6732350
584,727650
585,7087500
586,7087500
587,5071700
588,7532700
589,7532700
590,2439150
591,2805150
592,1300350
593,850500
594,1300350
595,8581400
596,850500
597,1300350
598,706650
599,1300350
600,727650
601,2180850
602,7532700
603,8026650
604,706650
605,2805150
606,1300350
607,676200
608,25407100
609,2115750
610,5071700
611,706650
612,21706250
613,1300350
614,1300350
615,7087500
616,2312550
617,901350
618,1300350
619,706650
620,2251200
621,3787700
622,2439150
623,9117150
624,5071700
625,12636750
626,1653750
627,14595000
628,1276200
629,2396100
630,2475900
631,10489500
632,1084950
633,1084950
634,1300350
635,2312550
636,5071700
637,1636950
638,3770750
639,2600300
640,20790000
641,2396100
642,1762450
643,1276200
644,1300350
645,2251200
646,1235750
647,1314600
648,1300350
649,7087500
650,7087500
651,21706250
652,10489500
653,1485750
654,2600300
655,2854950
656,1300350
657,706650
658,1300350
659,727650
660,676200
661,6482700
662,5071700
663,4078650
664,2180850
665,7087500
666,1276200
667,5071700
668,1762450
669,1762450
670,1084950
671,7087500
672,706650
673,2047000
674,1300350
675,1300350
676,1300350
677,8026650
678,3295950
679,10500000
680,2475900
681,8026650
682,706650
683,2625000
684,6090000
685,10489500
686,706650
687,670950
688,8026650
689,2396100
690,7087500
691,706650
692,676200
693,5762400
694,8026650
695,2251200
696,895650
697,1300350
698,1276200
699,12769050
700,1501500
701,2439150
702,5659500
703,2312550
704,1276200
705,670950
706,7087500
707,2600300
708,2396100
709,2251200
710,1762450
711,3496500
712,5307750
713,706650
714,1276200
715,1300350
716,7532700
717,1501500
718,1300350
719,2312550
720,1300350
721,3295950
722,5187000
723,1762450
724,7087500
725,2475900
726,5659500
727,9849000
728,706650
729,7532700
730,2312550
731,727650
732,706650
733,501900
734,1485750
735,1127550
736,5336950
737,1300350
738,1627500
739,1627500
740,706650
741,2092600
742,2805150
743,1300350
744,850500
745,1501500
746,17143350
747,2805150
748,8967000
749,1084950
750,7339500
751,2475900
752,727650
753,7339500
754,378000
755,1300350
756,676200
757,2047000
758,676200
759,706650
760,7087500
761,19110000
762,2047000
763,17143350
764,1653750
765,7532700
766,706650
767,6762000
768,5460000
769,706650
770,2475900
771,2600300
772,1276200
773,1314600
774,1348200
775,1496250
776,706650
777,850500
778,1300350
779,2251200
780,1762450
781,5071700
782,2396100
783,2312550
784,1679500
785,4751250
786,14595000
787,7532700
788,1127550
789,850500
790,1501500
791,2600300
792,760200
793,2312550
794,1084950
795,2439150
796,706650
797,7391950
798,2251200
799,2251200
800,760200
801,2396100
802,1501500
803,1207500
804,1276200
805,2600300
806,2600300
807,1300350
808,1207500
809,706650
810,7087500
811,5071850
812,1300350
813,706650
814,2092600
815,1276200
816,7087500
817,10500000
818,760200
819,7087500
820,706650
821,760200
822,2600300
823,706650
824,4751250
825,2475900
826,676200
827,706650
828,2439150
829,2805150
830,1300350
831,14595000
832,10500000
833,7391950
834,572250
835,1300350
836,5444150
837,706650
838,1300350
839,4110750
840,5071850
841,1300350
842,14595000
843,706650
844,4078650
845,1207500
846,850500
847,1300350
848,1653750
849,1762450
850,2396100
851,706650
852,2600300
853,5659500
854,2600300
855,7087500
856,706650
857,1365000
858,1084950
859,6732350
860,4110750
861,8026650
862,8026650
863,917700
864,850500
865,1300350
866,706650
867,7532700
868,2092600
869,1300350
870,3770750
871,1207500
872,2855400
873,706650
874,676200
875,1127550
876,3496500
877,1276200
878,1300350
879,715550
880,727650
881,850500
882,1127550
883,2600300
884,1300350
885,1501500
886,727650
887,2180850
888,1300350
889,1127550
890,1300350
891,1300350
892,1207500
893,2289000
894,850500
895,2251200
896,1977300
897,1300350
898,2396100
899,2289000
900,1084950
901,1300350
902,1300350
903,5071700
904,706650
905,706650
906,17656250
907,1300350
908,1300350
909,1762450
910,8026650
911,2312550
912,12442500
913,2475900
914,727650
915,1127550
916,1653750
917,727650
918,1300350
919,4666200
920,2396100
921,727650
922,1300350
923,2600300
924,1084950
925,901350
926,2180850
927,727650
928,2251200
929,1127550
930,1084950
931,15109500
932,3295950
933,7087500
934,2312550
935,676200
936,572250
937,9117150
938,1207500
939,1300350
940,2396100
941,8026650
942,7532700
943,676200
944,7087500
945,2312550
946,2289000
947,544950
948,1300350
949,1300350
950,25407100
951,5250000
952,1084950
953,1300350
954,1127550
955,1300350
956,6090000
957,1300350
958,1921500
959,2600300
960,917700
961,5460000
962,2251200
963,727650
964,5307750
965,760200
966,2805150
967,5460000
968,676200
969,1207500
970,5071700
971,706650
972,760200
973,2805150
974,1300350
975,1762450
976,2396100
977,1300350
978,1300350
979,1762450
980,676200
981,2600300
982,706650
983,1300350
984,1300350
985,1207500
986,706650
987,1300350
988,1300350
989,706650
990,676200
991,1762450
992,1300350
993,7532700
994,6289500
995,5071700
996,8382150
997,1300350
998,1300350
999,7532700
1000,1300350
1001,676200
1002,1300350
1003,706650
1004,17656250
1005,1365000
1006,670950
1007,7532700
1008,1300350
1009,1348200
1010,2600300
1011,17656250
1012,1127550
1013,1300350
1014,19110000
1015,1653750
1016,1084950
1017,2312550
1018,760200
1019,760200
1020,1127550
1021,5307750
1022,1300350
1023,2439150
1024,706650
1025,1084950
1026,2312550
1027,706650
1028,1501500
1029,676200
1030,1276200
1031,17061050
1032,8026650
1033,11550000
1034,1300350
1035,760200
1036,2180850
1037,1207500
1038,10500000
1039,676200
1040,2251200
1041,706650
1042,760200
1043,1300350
1044,676200
1045,501900
1046,1300350
1047,5075700
1048,2600300
1049,1276200
1050,4977000
1051,2289000
1052,706650
1053,1276200
1054,4751250
1055,706650
1056,1084950
1057,378000
1058,25407100
1059,1086150
1060,1300350
1061,14595000
1062,2600300
1063,2600300
1064,1207500
1065,3920700
1066,706650
1067,17061050
1068,8026650
1069,9117150
1070,7532700
1071,25407100
1072,715550
1073,7665000
1074,2312550
1075,1207500
1076,2600300
1077,1127550
1078,1638000
1079,760200
1080,1300350
1081,2180850
1082,2600300
1083,1300350
1084,2600300
1085,1127550
1086,9117150
1087,2251200
1088,3295950
1089,1127550
1090,1300350
1091,1300350
1092,2312550
1093,1501500
1094,1127550
1095,7087500
1096,676200
1097,4751250
1098,2439150
1099,2475900
1100,706650
1101,706650
1102,2600300
1103,1127550
1104,1300350
1105,2805150
1106,2047000
1107,706650
1108,760200
1109,901350
1110,14942400
1111,2115750
1112,706650
1113,2439150
1114,676200
1115,1300350
1116,1300350
1117,2439150
1118,7087500
1119,7753200
1120,1501500
1121,1300350
1122,5071850
1123,2312550
1124,1762450
1125,1127550
1126,7087500
1127,727650
1128,2396100
1129,7532700
1130,2396100
1131,4078650
1132,1300350
1133,1300350
1134,676200
1135,1276200
1136,2180850
1137,706650
1138,1276200
1139,3301650
1140,1300350
1141,4751250
1142,17143350
1143,2439150
1144,12636750
1145,706650
1146,3920700
1147,1300350
1148,1300350
1149,2115750
1150,2600300
1151,2475900
1152,5071700
1153,378000
1154,2805150
1155,4977000
1156,19110000
1157,19110000
1158,2396100
1159,706650
1160,2475900
1161,2805150
1162,1127550
1163,2600300
1164,2312550
1165,2600300
1166,1207500
1167,1762450
1168,1300350
1169,1300350
1170,1300350
1171,1127550
1172,1300350
1173,20790000
1174,1207500
1175,1127550
1176,670950
1177,1300350
1178,1762450
1179,2251200
1180,20790000
1181,1300350
1182,1300350
1183,676200
1184,1501500
1185,5071700
1186,706650
1187,2180850
1188,2475900
1189,1276200
1190,2396100
1191,706650
1192,5250000
1193,760200
1194,1653750
1195,1300350
1196,1300350
1197,676200
1198,7087500
1199,4751250
1200,676200
1201,706650
1202,2600300
1203,1084950
1204,2312550
1205,5071700
1206,2312550
1207,706650
1208,1300350
1209,2253850
1210,2475900
1211,727650
1212,4110750
1213,5071700
1214,3295950
1215,706650
1216,1148700
1217,1276200
1218,1300350
1219,5075700
1220,1127550
1221,727650
1222,1300350
1223,3496500
1224,1084950
1225,8546950
1226,1127550
1227,706650
1228,10500000
1229,2475900
1230,706650
1231,2396100
1232,2475900
1233,1084950
1234,1300350
1235,1300350
1236,1314600
1237,1585500
1238,7532700
1239,2251200
1240,7087500
1241,850500
1242,2475900
1243,727650
1244,1276200
1245,16012500
1246,2251200
1247,1300350
1248,2251200
1249,8026650
1250,2600300
1251,7532700
1252,706650
1253,676200
1254,1300350
1255,1127550
1256,1300350
1257,2805150
1258,1501500
1259,1300350
1260,1679500
1261,7391950
1262,2047000
1263,676200
1264,8026650
1265,1300350
1266,14595000
1267,2251200
1268,1300350
1269,2600300
1270,2475900
1271,19110000
1272,19110000
1273,5071700
1274,1207500
1275,1300350
1276,1127550
1277,706650
1278,706650
1279,1300350
1280,1485750
1281,2475900
1282,5250000
1283,5916150
1284,16012500
1285,1365000
1286,5336950
1287,7979950
1288,1300350
1289,5460000
1290,4110750
1291,544950
1292,2855400
1293,18643250
1294,1300350
1295,544950
1296,2600300
1297,1762450
1298,1300350
1299,2180850
1300,4751250
1301,676200
1302,7532700
1303,2396100
1304,1300350
1305,6293700
1306,1314600
1307,1653750
1308,6090000
1309,1276200
1310,25407100
1311,1300350
1312,2475900
1313,706650
1314,706650
1315,1276200
1316,1653750
1317,2312550
1318,12769050
1319,10489500
1320,1127550
1321,7532700
1322,676200
1323,1300350
1324,760200
1325,760200
1326,1638000
1327,4078650
1328,1300350
1329,17143350
1330,2600300
1331,706650
1332,12636750
1333,6090000
1334,2251200
1335,2475900
1336,19110000
1337,7087500
1338,2312550
1339,2180850
1340,544950
1341,8026650
1342,10500000
1343,2475900
1344,727650
1345,706650
1346,1762450
1347,7087500
1348,1300350
1349,2312550
1350,1818600
1351,706650
1352,1127550
1353,1762450
1354,850500
1355,2251200
1356,19110000
1357,1127550
1358,2180850
1359,1868500
1360,727650
1361,1300350
1362,1300350
1363,1207500
1364,676200
1365,4078650
1366,706650
1367,1300350
1368,2047000
1369,706650
1370,1762450
1371,2439150
1372,10500000
1373,5071700
1374,1300350
1375,1300350
1376,2600300
1377,1276200
1378,2805150
1379,1501500
1380,5071700
1381,1276200
1382,2600300
1383,2047000
1384,3496500
1385,1300350
1386,706650
1387,1300350
1388,6090000
1389,7087500
1390,2092600
1391,1127550
1392,1127550
1393,1653750
1394,14595000
1395,1300350
1396,1300350
1397,1392300
1398,1127550
1399,1300350
1400,544950
1401,2600300
1402,8026650
1403,1207500
1404,676200
1405,676200
1406,7532700
1407,1276200
1408,2475900
1409,2396100
1410,7087500
1411,706650
1412,1300350
1413,378000
1414,7087500
1415,2855400
1416,7532700
1417,2475900
1418,1762450
1419,727650
1420,1300350
1421,5444150
1422,2475900
1423,1084950
1424,2439150
1425,1300350
1426,6293700
1427,1300350
1428,14942400
1429,2600300
1430,895650
1431,1300350
1432,727650
1433,1653750
1434,706650
1435,1276200
1436,1300350
1437,1300350
1438,676200
1439,1207500
1440,1653750
1441,676200
1442,5071700
1443,3496500
1444,1084950
1445,850500
1446,1300350
1447,7087500
1448,1300350
1449,676200
1450,5071700
1451,7087500
1452,1276200
1453,1300350
1454,4078650
1455,1207500
1456,1300350
1457,1762450
1458,1300350
1459,7087500
1460,1300350
1461,1300350
1462,2600300
1463,14595000
1464,5250000
1465,1127550
1466,2475900
1467,1653750
1468,2312550
1469,5336950
1470,19110000
1471,7087500
1472,14595000
1473,1300350
1474,7532700
1475,3295950
1476,1868500
1477,1084950
1478,1300350
1479,8026650
1480,1300350
1481,2396100
1482,1127550
1483,17143350
1484,2180850
1485,17143350
1486,10489500
1487,10500000
1488,1300350
1489,1762450
1490,706650
1491,7087500
1492,7979950
1493,1084950
1494,544950
1495,1300350
1496,2805150
1497,6090000
1498,8026650
1499,1501500
1500,11550000
1501,2312550
1502,5444150
1503,1276200
1504,2312550
1505,760200
1506,2047000
1507,706650
1508,19110000
1509,706650
1510,850500
1511,1300350
1512,4078650
1513,1207500
1514,1762450
1515,706650
1516,2312550
1517,4078650
1518,1086150
1519,7087500
1520,10011750
1521,6247500
1522,676200
1523,5071700
1524,7532700
1525,8546950
1526,8026650
1527,1300350
1528,2251200
1529,5762400
1530,1762450
1531,5659500
1532,1300350
1533,2312550
1534,1501500
1535,706650
1536,2600300
1537,7532700
1538,895650
1539,1762450
1540,706650
1541,7532700
1542,2600300
1543,5460000
1544,676200
1545,1300350
1546,1300350
1547,706650
1548,706650
1549,5250000
1550,2745750
1551,2600300
1552,4751250
1553,2475900
1554,1300350
1555,7532700
1556,706650
1557,6090000
1558,706650
1559,1276200
1560,676200
1561,1868500
1562,8581400
1563,2475900
1564,1437900
1565,1300350
1566,1127550
1567,2115750
1568,1127550
1569,1300350
1570,3295950
1571,1300350
1572,1276200
1573,9117150
1574,5444150
1575,1300350
1576,2251200
1577,1084950
1578,2312550
1579,676200
1580,7087500
1581,5336950
1582,1300350
1583,1653750
1584,706650
1585,25407100
1586,5444150
1587,7391950
1588,3920700
1589,1300350
1590,10500000
1591,2289000
1592,706650
1593,2475900
1594,1679500
1595,3770750
1596,1653750
1597,7087500
1598,1300350
1599,676200
1600,501900
1601,1127550
1602,1127550
1603,1300350
1604,5071850
1605,1300350
1606,727650
1607,1300350
1608,1300350
1609,1276200
1610,901350
1611,12769050
1612,1300350
1613,17143350
1614,6825000
1615,676200
1616,1084950
1617,727650
1618,727650
1619,1300350
1620,2251200
1621,1127550
1622,2251200
1623,4751250
1624,706650
1625,17143350
1626,2805150
1627,2600300
1628,2600300
1629,14175000
1630,1300350
1631,2180850
1632,1300350
1633,2475900
1634,1762450
1635,706650
1636,2439150
1637,25407100
1638,7532700
1639,706650
1640,1084950
1641,3770750
1642,1006950
1643,2475900
1644,727650
1645,1235750
1646,1084950
1647,706650
1648,1762450
1649,1127550
1650,727650
1651,7087500
1652,19110000
1653,1207500
1654,2600300
1655,1300350
1656,850500
1657,2251200
1658,7087500
1659,5071700
1660,2475900
1661,2475900
1662,3505950
1663,1300350
1664,2180850
1665,1127550
1666,3295950
1667,1653750
1668,7087500
1669,3295950
1670,2396100
1671,1300350
1672,760200
1673,2251200
1674,1868500
1675,14942400
1676,2180850
1677,1653750
1678,7532700
1679,2475900
1680,19110000
1681,2600300
1682,676200
1683,1207500
1684,1300350
1685,706650
1686,5762400
1687,2475900
1688,676200
1689,1300350
1690,2475900
1691,1501500
1692,2312550
1693,4078650
1694,1501500
1695,1300350
1696,4078650
1697,1762450
1698,5071700
1699,5444150
1700,2600300
1701,2805150
1702,850500
1703,5250000
1704,901350
1705,2312550
1706,901350
1707,2439150
1708,1762450
1709,2475900
1710,850500
1711,2475900
1712,17143350
1713,2475900
1714,1300350
1715,1300350
1716,2600300
1717,5071700
1718,715550
1719,850500
1720,5250000
1721,2439150
1722,7532700
1723,1300350
1724,7532700
1725,1300350
1726,1300350
1727,1300350
1728,1207500
1729,1207500
1730,706650
1731,3811500
1732,544950
1733,2312550
1734,3787700
1735,17143350
1736,8026650
1737,1762450
1738,1762450
1739,20790000
1740,676200
1741,5336950
1742,2312550
1743,2475900
1744,2115750
1745,676200
1746,7532700
1747,5336950
1748,1300350
1749,2251200
1750,676200
1751,2805150
1752,706650
1753,5086200
1754,2312550
1755,2092600
1756,6090000
1757,760200
1758,1300350
1759,1653750
1760,7665000
1761,14322000
1762,7087500
1763,706650
1764,1127550
1765,3787700
1766,2312550
1767,1501500
1768,572250
1769,2396100
1770,7927500
1771,706650
1772,1084950
1773,2396100
1774,5071700
1775,14942400
1776,1207500
1777,7087500
1778,2312550
1779,676200
1780,5250000
1781,1300350
1782,1762450
1783,2251200
1784,2600300
1785,676200
1786,1762450
1787,14595000
1788,20790000
1789,2805150
1790,7087500
1791,1653750
1792,706650
1793,2312550
1794,1300350
1795,1485750
1796,1653750
1797,1300350
1798,727650
1799,7532700
1800,8026650
1801,1300350
1802,706650
1803,1300350
1804,2180850
1805,2115750
1806,5762400
1807,1485750
1808,5071700
1809,2047000
1810,1127550
1811,2475900
1812,10500000
1813,1084950
1814,1762450
1815,1762450
1816,1207500
1817,17143350
1818,572250
1819,6482700
1820,727650
1821,7087500
1822,706650
1823,1314600
1824,1084950
1825,760200
1826,2887500
1827,850500
1828,1300350
1829,706650
1830,12769050
1831,760200
1832,1762450
1833,5071700
1834,1300350
1835,2475900
1836,1501500
1837,706650
1838,1300350
1839,1300350
1840,2312550
1841,2475900
1842,727650
1843,727650
1844,3301650
1845,7087500
1846,5071700
1847,715550
1848,1532500
1849,706650
1850,1207500
1851,1144500
1852,1300350
1853,5762400
1854,8026650
1855,760200
1856,1365000
1857,7532700
1858,850500
1859,2475900
1860,2600300
1861,2600300
1862,1300350
1863,1300350
1864,1300350
1865,676200
1866,2805150
1867,706650
1868,1653750
1869,1300350
1870,1653750
1871,2092600
1872,676200
1873,2115750
1874,760200
1875,1392300
1876,2396100
1877,706650
1878,760200
1879,5071850
1880,5071700
1881,1084950
1882,14175000
1883,4110750
1884,2475900
1885,5336950
1886,1207500
1887,1300350
1888,1300350
1889,1300350
1890,676200
1891,2312550
1892,2312550
1893,901350
1894,5071700
1895,544950
1896,2805150
1897,7087500
1898,2600300
1899,2312550
1900,1207500
1901,8026650
1902,2180850
1903,676200
1904,5336950
1905,2600300
1906,1300350
1907,1636950
1908,2439150
1909,17143350
1910,1235750
1911,676200
1912,2475900
1913,1276200
1914,8026650
1915,2475900
1916,7391950
1917,1222050
1918,2805150
1919,1348200
1920,1314600
1921,5336950
1922,17143350
1923,2396100
1924,2251200
1925,2312550
1926,8229900
1927,2600300
1928,14595000
1929,706650
1930,7087500
1931,1148700
1932,7532700
1933,8026650
1934,706650
1935,1155000
1936,1762450
1937,8026650
1938,4751250
1939,5444150
1940,2396100
1941,3301650
1942,5071700
1943,760200
1944,4078650
1945,2312550
1946,2600300
1947,2855400
1948,676200
1949,1762450
1950,8947050
1951,7532700
1952,7087500
1953,706650
1954,1207500
1955,2312550
1956,1300350
1957,1300350
1958,7532700
1959,2805150
1960,2396100
1961,2180850
1962,706650
1963,2396100
1964,670950
1965,2600300
1966,7532700
1967,706650
1968,2312550
1969,706650
1970,7532700
1971,1207500
1972,2312550
1973,706650
1974,727650
1975,21706250
1976,2251200
1977,7245000
1978,14595000
1979,1762450
1980,2068500
1981,3496500
1982,2600300
1983,8026650
1984,1300350
1985,1679500
1986,1127550
1987,2475900
1988,2600300
1989,1300350
1990,706650
1991,676200
1992,706650
1993,2312550
1994,1127550
1995,2312550
1996,378000
1997,5250000
1998,706650
1999,1127550
2000,1276200
2001,7532700
2002,25407100
2003,2600300
2004,706650
2005,850500
2006,2600300
2007,1300350
2008,6918300
2009,7087500
2010,706650
2011,1443750
2012,5444150
2013,7532700
2014,2073150
2015,8026650
2016,727650
2017,850500
2018,5250000
2019,676200
2020,5307750
2021,1276200
2022,2600300
2023,2805150
2024,1300350
2025,5762400
2026,2312550
2027,501900
2028,2805150
2029,1636950
2030,2396100
2031,7087500
2032,676200
2033,1084950
2034,1300350
2035,760200
2036,1300350
2037,7087500
2038,1314600
2039,1300350
2040,7665000
2041,1762450
2042,2600300
2043,2251200
2044,5071700
2045,706650
2046,7087500
2047,1300350
2048,850500
2049,19110000
2050,5071700
2051,2475900
2052,6090000
2053,1084950
2054,3496500
2055,7532700
2056,20790000
2057,2600300
2058,2475900
2059,1300350
2060,6907950
2061,670950
2062,5071700
2063,1300350
2064,2312550
2065,5916150
2066,1300350
2067,4751250
2068,706650
2069,2805150
2070,2600300
2071,1300350
2072,5071700
2073,25407100
2074,5659500
2075,5071700
2076,1501500
2077,1127550
2078,7087500
2079,1868500
2080,8026650
2081,7665000
2082,2805150
2083,7087500
2084,17143350
2085,850500
2086,715550
2087,727650
2088,25407100
2089,706650
2090,1207500
2091,7391950
2092,3301650
2093,1501500
2094,706650
2095,1300350
2096,1762450
2097,21840000
2098,1300350
2099,706650
2100,2312550
2101,2475900
2102,2439150
2103,7665000
2104,2047000
2105,850500
2106,1084950
2107,676200
2108,1762450
2109,7081200
2110,5071700
2111,2475900
2112,2180850
2113,5444150
2114,3920700
2115,544950
2116,2047000
2117,2312550
2118,1276200
2119,7532700
2120,5444150
2121,1084950
2122,1300350
2123,850500
2124,14595000
2125,1638000
2126,706650
2127,1300350
2128,1437900
2129,706650
2130,1762450
2131,1155000
2132,1300350
2133,3792300
2134,7532700
2135,1300350
2136,2180850
2137,676200
2138,1300350
2139,2600300
2140,17143350
2141,1300350
2142,7532700
2143,1300350
2144,1300350
2145,2312550
2146,6090000
2147,706650
2148,8026650
2149,676200
2150,2312550
2151,1653750
2152,2251200
2153,12769050
2154,7532700
2155,1276200
2156,1300350
2157,19110000
2158,5071700
2159,1762450
2160,2475900
2161,2805150
2162,706650
2163,1300350
2164,1300350
2165,12285000
2166,14595000
2167,706650
2168,1300350
2169,9849000
2170,706650
2171,1127550
2172,20790000
2173,9117150
2174,4751250
2175,5187000
2176,1084950
2177,2251200
2178,2115750
2179,1300350
2180,706650
2181,2600300
2182,2312550
2183,14595000
2184,1300350
2185,12769050
2186,7596750
2187,1300350
2188,12769050
2189,20790000
2190,2439150
2191,14942400
2192,12769050
2193,1300350
2194,850500
2195,1127550
2196,4751250
2197,1300350
2198,1300350
2199,2805150
2200,1127550
2201,1127550
2202,676200
2203,10500000
2204,5071700
2205,7532700
2206,2805150
2207,1276200
2208,706650
2209,4819500
2210,2180850
2211,2047000
2212,3301650
2213,2600300
2214,1300350
2215,2251200
2216,1276200
2217,1762450
2218,7532700
2219,378000
2220,706650
2221,1084950
2222,1300350
2223,1300350
2224,2805150
2225,3295950
2226,2396100
2227,706650
2228,7532700
2229,2115750
2230,2312550
2231,7532700
2232,1300350
2233,1084950
2234,5444150
2235,1653750
2236,2600300
2237,706650
2238,501900
2239,2251200
2240,1300350
2241,850500
2242,1300350
2243,706650
2244,706650
2245,501900
2246,2396100
2247,895650
2248,706650
2249,1300350
2250,1653750
2251,706650
2252,2600300
2253,5071700
2254,1300350
2255,760200
2256,2396100
2257,2312550
2258,17656250
2259,760200
2260,4078650
2261,2312550
2262,706650
2263,2600300
2264,706650
2265,25407100
2266,2475900
2267,1127550
2268,3295950
2269,2475900
2270,17656250
2271,1300350
2272,1207500
2273,5086200
2274,1300350
2275,2439150
2276,1443750
2277,1085700
2278,1300350
2279,5071700
2280,676200
2281,3770750
2282,2439150
2283,2312550
2284,1485750
2285,1300350
2286,2475900
2287,1127550
2288,1127550
2289,1300350
2290,1300350
2291,5071850
2292,5444150
2293,5444150
2294,2312550
2295,676200
2296,706650
2297,2251200
2298,10500000
2299,1501500
2300,7245000
2301,1300350
2302,2396100
2303,706650
2304,544950
2305,706650
2306,1222050
2307,5071700
2308,7087500
2309,706650
2310,706650
2311,2600300
2312,2251200
2313,7087500
2314,2475900
2315,706650
2316,1300350
2317,1627500
2318,1006950
2319,8026650
2320,7087500
2321,1300350
2322,2180850
2323,5460000
2324,2251200
2325,1235750
2326,1348200
2327,706650
2328,7087500
2329,544950
2330,5250000
2331,19110000
2332,706650
2333,4791600
2334,1300350
2335,1762450
2336,25407100
2337,1127550
2338,2115750
2339,1653750
2340,6541500
2341,706650
2342,7081200
2343,1762450
2344,1762450
2345,1300350
2346,2312550
2347,2600300
2348,1392300
2349,7087500
2350,706650
2351,6090000
2352,1300350
2353,1300350
2354,676200
2355,5071850
2356,3295950
2357,1300350
2358,1300350
2359,706650
2360,1653750
2361,5075700
2362,1207500
2363,1300350
2364,1300350
2365,1585500
2366,1300350
2367,1300350
2368,1496250
2369,5250000
2370,17143350
2371,1314600
2372,706650
2373,1300350
2374,706650
2375,3920700
2376,1501500
2377,735000
2378,727650
2379,1300350
2380,2289000
2381,12769050
2382,676200
2383,706650
2384,12636750
2385,1084950
2386,5071850
2387,10489500
2388,706650
2389,14595000
2390,1300350
2391,5250000
2392,706650
2393,1127550
2394,901350
2395,2854950
2396,676200
2397,1300350
2398,2251200
2399,706650
2400,760200
2401,2475900
2402,1300350
2403,706650
2404,1300350
2405,1679500
2406,1485750
2407,3496500
2408,7087500
2409,1300350
2410,1276200
2411,5071850
2412,2251200
2413,4078650
2414,1300350
2415,2115750
2416,706650
2417,706650
2418,706650
2419,1762450
2420,1300350
2421,1653750
2422,1300350
2423,1627500
2424,706650
2425,5491500
2426,3295950
2427,2475900
2428,7087500
2429,1501500
2430,5086200
2431,706650
2432,9071950
2433,2396100
2434,2115750
2435,1300350
2436,2475900
2437,2312550
2438,5336950
2439,6090000
2440,7087500
2441,1501500
2442,2289000
2443,1127550
2444,1365000
2445,544950
2446,5250000
2447,5460000
2448,2424000
2449,2251200
2450,2251200
2451,1532500
2452,2475900
2453,1084950
2454,12636750
2455,7087500
2456,5071700
2457,1762450
2458,5444150
2459,2251200
2460,706650
2461,676200
2462,895650
2463,5762400
2464,1084950
2465,2180850
2466,1300350
2467,7087500
2468,7532700
2469,7087500
2470,1485750
2471,7087500
2472,7087500
2473,2439150
2474,2251200
2475,1276200
2476,2047000
2477,1127550
2478,2600300
2479,706650
2480,544950
2481,1127550
2482,3301650
2483,5071700
2484,2396100
2485,17143350
2486,1300350
2487,5071700
2488,676200
2489,676200
2490,2600300
2491,2251200
2492,2475900
2493,8026650
2494,4078650
2495,25407100
2496,2180850
2497,706650
2498,850500
2499,2600300
2500,1300350
2501,1276200
2502,5444150
2503,1532500
2504,1300350
2505,5250000
2506,6482700
2507,2396100
2508,1084950
2509,1627500
2510,676200
2511,7532700
2512,2115750
2513,706650
2514,706650
2515,3787700
2516,1653750
2517,5071850
2518,727650
2519,1300350
2520,2180850
2521,760200
2522,11749500
2523,760200
2524,1207500
2525,9216750
2526,1532500
2527,19110000
2528,2871150
2529,4977000
2530,2047000
2531,7087500
2532,1300350
2533,19110000
2534,1300350
2535,2396100
2536,17143350
2537,895650
2538,2600300
2539,706650
2540,544950
2541,706650
2542,706650
2543,1084950
2544,727650
2545,1300350
2546,2600300
2547,1127550
2548,706650
2549,1762450
2550,12636750
2551,17143350
2552,1222050
2553,1762450
2554,2251200
2555,706650
2556,10489500
2557,2047000
2558,1300350
2559,727650
2560,25407100
2561,2600300
2562,1496250
2563,501900
2564,7532700
2565,1276200
2566,19110000
2567,706650
2568,7532700
2569,850500
2570,1276200
2571,1300350
2572,1084950
2573,2475900
2574,706650
2575,7087500
2576,706650
2577,676200
2578,1300350
2579,676200
2580,5491500
2581,2439150
2582,676200
2583,2475900
2584,4977000
2585,1300350
2586,1627500
2587,10489500
2588,2600300
2589,3770750
2590,5460000
2591,1300350
2592,5502000
2593,706650
2594,2855400
2595,2312550
2596,706650
2597,17143350
2598,8026650
2599,2600300
2600,8026650
2601,5071700
2602,760200
2603,2396100
2604,1300350
2605,7979950
2606,706650
2607,5659500
2608,5071850
2609,4819500
2610,1300350
2611,676200
2612,2251200
2613,10500000
2614,2475900
2615,7087500
2616,1300350
2617,501900
2618,706650
2619,1207500
2620,706650
2621,1300350
2622,4977000
2623,1127550
2624,1300350
2625,706650
2626,706650
2627,1762450
2628,3770750
2629,706650
2630,2475900
2631,2600300
2632,1300350
2633,2600300
2634,1084950
2635,7087500
2636,706650
2637,2600300
2638,2475900
2639,895650
2640,17143350
2641,1127550
2642,706650
2643,2115750
2644,4078650
2645,1653750
2646,1679500
2647,1086150
2648,706650
2649,2396100
2650,4718700
2651,2180850
2652,2396100
2653,5071700
2654,17143350
2655,2092600
2656,706650
2657,14175000
2658,14647500
2659,1300350
2660,1300350
2661,1127550
2662,5071700
2663,1300350
2664,1300350
2665,676200
2666,727650
2667,2600300
2668,676200
2669,676200
2670,2251200
2671,1276200
2672,1300350
2673,1084950
2674,1921500
2675,706650
2676,706650
2677,2475900
2678,706650
2679,2312550
2680,1306200
2681,1501500
2682,1300350
2683,5491500
2684,3301650
2685,706650
2686,5075700
2687,2031750
2688,760200
2689,1207500
2690,2396100
2691,7087500
2692,1207500
2693,1314600
2694,1300350
2695,859950
2696,1207500
2697,1300350
2698,1127550
2699,676200
2700,5916150
2701,2312550
2702,2600300
2703,5071700
2704,676200
2705,895650
2706,7087500
2707,5250000
2708,4882500
2709,760200
2710,1868500
2711,14595000
2712,5460000
2713,1300350
2714,1300350
2715,2439150
2716,501900
2717,1300350
2718,20790000
2719,2115750
2720,706650
2721,1300350
2722,1653750
2723,1300350
2724,572250
2725,2180850
2726,5071700
2727,706650
2728,706650
2729,1762450
2730,5075700
2731,2805150
2732,14942400
2733,2600300
2734,2289000
2735,2312550
2736,4078650
2737,676200
2738,1222050
2739,14595000
2740,2180850
2741,2475900
2742,1300350
2743,2396100
2744,2312550
2745,727650
2746,1501500
2747,35175000
2748,1365000
2749,1300350
2750,1501500
2751,1348200
2752,2396100
2753,706650
2754,2439150
2755,1300350
2756,2475900
2757,17143350
2758,2600300
2759,1300350
2760,5491500
2761,5071700
2762,1762450
2763,1627500
2764,6247500
2765,2475900
2766,706650
2767,1501500
2768,1501500
2769,8442000
2770,14595000
2771,706650
2772,7753200
2773,7532700
2774,2312550
2775,706650
2776,1300350
2777,2475900
2778,18643250
2779,1300350
2780,544950
2781,1314600
2782,1300350
2783,1300350
2784,2600300
2785,1501500
2786,706650
2787,706650
2788,8026650
2789,1300350
2790,2855400
2791,760200
2792,7087500
2793,2600300
2794,1276200
2795,1276200
2796,1207500
2797,12769050
2798,1127550
2799,5916150
2800,1084950
2801,11550000
2802,9922500
2803,7087500
2804,1300350
2805,25407100
2806,1501500
2807,2600300
2808,1532500
2809,2312550
2810,676200
2811,727650
2812,1868500
2813,706650
2814,1127550
2815,2396100
2816,7532700
2817,706650
2818,1532500
2819,2180850
2820,2600300
2821,17143350
2822,1207500
2823,1300350
2824,706650
2825,5250000
2826,1300350
2827,5071700
2828,2475900
2829,5336950
2830,1207500
2831,676200
2832,727650
2833,1300350
2834,706650
2835,1127550
2836,706650
2837,2600300
2838,8026650
2839,706650
2840,2475900
2841,1207500
2842,544950
2843,1300350
2844,1127550
2845,1501500
2846,1392300
2847,2439150
2848,7532700
2849,2289000
2850,1868500
2851,7532700
2852,2475900
2853,1300350
2854,706650
2855,1300350
2856,676200
2857,727650
2858,1868500
2859,9849000
2860,706650
2861,5071700
2862,706650
2863,1300350
2864,2253850
2865,6482700
2866,5071700
2867,7087500
2868,2312550
2869,1300350
2870,5250000
2871,1300350
2872,7532700
2873,17656250
2874,2180850
2875,2600300
2876,1300350
2877,2475900
2878,840000
2879,1127550
2880,1300350
2881,1276200
2882,5071700
2883,2180850
2884,2115750
2885,727650
2886,1207500
2887,1300350
2888,2312550
2889,5336950
2890,7087500
2891,17143350
2892,1276200
2893,676200
2894,5659500
2895,1300350
2896,2312550
2897,2251200
2898,1084950
2899,727650
2900,706650
2901,9117150
2902,2475900
2903,2396100
2904,1300350
2905,591150
2906,7665000
2907,727650
2908,6541500
2909,7665000
2910,8026650
2911,2805150
2912,7087500
2913,2805150
2914,2600300
2915,4977000
2916,7532700
2917,706650
2918,1300350
2919,7532700
2920,17143350
2921,1300350
2922,1653750
2923,5071850
2924,1084950
2925,1276200
2926,2854950
2927,2439150
2928,2312550
2929,5444150
2930,5071850
2931,1762450
2932,5071700
2933,1532500
2934,850500
2935,1653750
2936,10489500
2937,7532700
2938,1300350
2939,2312550
2940,2475900
2941,1276200
2942,727650
2943,2396100
2944,2805150
2945,4567500
2946,1300350
2947,676200
2948,1300350
2949,1300350
2950,19110000
2951,1300350
2952,1086150
2953,2600300
2954,1300350
2955,19110000
2956,1127550
2957,2180850
2958,1207500
2959,1359150
2960,1300350
2961,727650
2962,5607000
2963,14942400
2964,2475900
2965,895650
2966,676200
2967,7087500
2968,8026650
2969,21706250
2970,4751250
2971,706650
2972,1300350
2973,2180850
2974,5071700
2975,1300350
2976,2115750
2977,1300350
2978,4751250
2979,2312550
2980,1300350
2981,706650
2982,706650
2983,1300350
2984,25407100
2985,5916150
2986,2805150
2987,2600300
2988,706650
2989,1300350
2990,1300350
2991,2475900
2992,727650
2993,1244250
2994,1086150
2995,706650
2996,706650
2997,7532700
2998,1300350
2999,1300350
3000,706650
3001,1627500
3002,2396100
3003,2396100
3004,4078650
3005,706650
3006,1127550
3007,2092600
3008,676200
3009,1300350
3010,2180850
3011,4078650
3012,706650
3013,12769050
3014,2600300
3015,5762400
3016,7532700
3017,17143350
3018,676200
3019,1084950
3020,2251200
3021,5562050
3022,5071850
3023,2312550
3024,706650
3025,1300350
3026,1679500
3027,706650
3028,8026650
3029,1084950
3030,2475900
3031,670950
3032,1207500
3033,2180850
3034,1636950
3035,25407100
3036,727650
3037,1501500
3038,2600300
3039,1300350
3040,1501500
3041,1300350
3042,760200
3043,706650
3044,1300350
3045,706650
3046,1300350
3047,5460000
3048,5124000
3049,3295950
3050,706650
3051,1300350
3052,706650
3053,25407100
3054,676200
3055,3295950
3056,5071700
3057,1306200
3058,1485750
3059,2600300
3060,2805150
3061,7087500
3062,2805150
3063,727650
3064,1127550
3065,2251200
3066,1300350
3067,1300350
3068,2068500
3069,2312550
3070,5071700
3071,1300350
3072,2600300
3073,2439150
3074,1300350
3075,2312550
3076,8026650
3077,2871150
3078,2312550
3079,12769050
3080,706650
3081,2805150
3082,1300350
3083,2600300
3084,1300350
3085,2312550
3086,2600300
3087,2251200
3088,1300350
3089,1300350
3090,676200
3091,1300350
3092,4751250
3093,19110000
3094,1300350
3095,501900
3096,5071700
3097,2600300
3098,895650
3099,2396100
3100,2047000
3101,8546950
3102,1276200
3103,1532500
3104,1084950
3105,1300350
3106,5444150
3107,2396100
3108,706650
3109,5071700
3110,1300350
3111,1300350
3112,1314600
3113,8026650
3114,1627500
3115,1127550
3116,727650
3117,1485750
3118,14322000
3119,2312550
3120,706650
3121,706650
3122,676200
3123,5460000
3124,1348200
3125,2251200
3126,25407100
3127,5071700
3128,1300350
3129,2805150
3130,706650
3131,706650
3132,5250000
3133,706650
3134,1300350
3135,727650
3136,706650
3137,5124000
3138,2092600
3139,670950
3140,1762450
3141,706650
3142,1276200
3143,1762450
3144,727650
3145,2396100
3146,7339500
3147,1300350
3148,1127550
3149,19110000
3150,2180850
3151,676200
3152,1300350
3153,7087500
3154,676200
3155,2600300
3156,670950
3157,706650
3158,706650
3159,2312550
3160,8026650
3161,2396100
3162,1300350
3163,1127550
3164,7087500
3165,4078650
3166,5187000
3167,5307750
3168,1276200
3169,1276200
3170,1300350
3171,706650
3172,676200
3173,1348200
3174,6090000
3175,1300350
3176,12769050
3177,1348200
3178,2600300
3179,901350
3180,1501500
3181,9117150
3182,1207500
3183,5336950
3184,1276200
3185,706650
3186,8026650
3187,2439150
3188,1300350
3189,1127550
3190,544950
3191,706650
3192,1084950
3193,5307750
3194,706650
3195,7087500
3196,2600300
3197,2600300
3198,727650
3199,2152500
3200,2600300
3201,2600300
3202,2396100
3203,2251200
3204,1300350
3205,7532700
3206,1300350
3207,1762450
3208,2396100
3209,8026650
3210,706650
3211,7087500
3212,1276200
3213,715550
3214,1348200
3215,1300350
3216,2115750
3217,1207500
3218,2312550
3219,2312550
3220,727650
3221,2475900
3222,5250000
3223,670950
3224,715550
3225,2439150
3226,2396100
3227,7532700
3228,2180850
3229,2180850
3230,1300350
3231,5071700
3232,2805150
3233,5460000
3234,676200
3235,1276200
3236,2251200
3237,544950
3238,706650
3239,1300350
3240,1300350
3241,676200
3242,4357500
3243,1127550
3244,2251200
3245,706650
3246,1300350
3247,1300350
3248,2251200
3249,760200
3250,378000
3251,2251200
3252,1155000
3253,1300350
3254,706650
3255,11879400
3256,2312550
3257,1207500
3258,6482700
3259,12769050
3260,1300350
3261,9849000
3262,706650
3263,501900
3264,2180850
3265,706650
3266,1638000
3267,25407100
3268,1300350
3269,2855400
3270,1653750
3271,2047000
3272,8581400
3273,850500
3274,1348200
3275,3295950
3276,706650
3277,2396100
3278,2312550
3279,5307750
3280,1300350
3281,1300350
3282,706650
3283,1300350
3284,4078650
3285,3295950
3286,7532700
3287,706650
3288,2396100
3289,2180850
3290,706650
3291,2251200
3292,2396100
3293,1501500
3294,706650
3295,7087500
3296,501900
3297,1532500
3298,1084950
3299,1443750
3300,3937500
3301,1314600
3302,1300350
3303,1300350
3304,706650
3305,1276200
3306,1314600
3307,727650
3308,676200
3309,1300350
3310,760200
3311,727650
3312,1300350
3313,1207500
3314,2396100
3315,850500
3316,1501500
3317,2600300
3318,7532700
3319,676200
3320,2600300
3321,1300350
3322,1276200
3323,2289000
3324,1300350
3325,1276200
3326,895650
3327,1084950
3328,1300350
3329,1207500
3330,706650
3331,7532700
3332,676200
3333,5444150
3334,2600300
3335,2047000
3336,1127550
3337,501900
3338,8442000
3339,1084950
3340,30028550
3341,1300350
3342,706650
3343,19110000
3344,7087500
3345,1501500
3346,2251200
3347,2784150
3348,5250000
3349,1300350
3350,12769050
3351,1127550
3352,2600300
3353,19110000
3354,1300350
3355,10011750
3356,8581400
3357,2600300
3358,6293700
3359,5659500
3360,1762450
3361,1300350
3362,2312550
3363,1300350
3364,706650
3365,706650
3366,1127550
3367,3770750
3368,1207500
3369,6293700
3370,2600300
3371,8026650
3372,8967000
3373,676200
3374,5071700
3375,1300350
3376,5250000
3377,2180850
3378,2312550
3379,1762450
3380,2251200
3381,5075700
3382,1300350
3383,1127550
3384,7532700
3385,14647500
3386,2312550
3387,2805150
3388,9216750
3389,895650
3390,5444150
3391,1300350
3392,706650
3393,1300350
3394,676200
3395,5071700
3396,1084950
3397,2031750
3398,1300350
3399,2396100
3400,1300350
3401,2312550
3402,5071850
3403,1653750
3404,6090000
3405,2180850
3406,544950
3407,14322000
3408,1501500
3409,1300350
3410,5460000
3411,25407100
3412,1638000
3413,760200
3414,1300350
3415,2251200
3416,544950
3417,3295950
3418,727650
3419,1532500
3420,5071700
3421,2600300
3422,1300350
3423,2396100
3424,706650
3425,1276200
3426,760200
3427,1365000
3428,1485750
3429,1485750
3430,1148700
3431,2805150
3432,1314600
3433,1276200
3434,727650
3435,3496500
3436,19110000
3437,727650
3438,1300350
3439,676200
3440,1348200
3441,1300350
3442,760200
3443,850500
3444,2253850
3445,2396100
3446,2115750
3447,676200
3448,1300350
3449,676200
3450,9117150
3451,7532700
3452,5071850
3453,2475900
3454,7087500
3455,2600300
3456,706650
3457,2312550
3458,2805150
3459,2600300
3460,706650
3461,14595000
3462,5250000
3463,3496500
3464,1818600
3465,7665000
3466,2068500
3467,2312550
3468,706650
3469,706650
3470,5071700
3471,1300350
3472,6090000
3473,676200
3474,1762450
3475,3295950
3476,1868500
3477,1300350
3478,2251200
3479,1300350
3480,2475900
3481,1314600
3482,5071700
3483,1300350
3484,706650
3485,706650
3486,6090000
3487,2871150
3488,2818200
3489,1300350
3490,9117150
3491,706650
3492,2115750
3493,760200
3494,7087500
3495,1300350
3496,7087500
3497,2068500
3498,4078650
3499,1300350
3500,8229900
3501,706650
3502,24354150
3503,2396100
3504,1653750
3505,1762450
3506,1300350
3507,706650
3508,5307750
3509,2805150
3510,2600300
3511,1300350
3512,676200
3513,706650
3514,706650
3515,5336950
3516,19110000
3517,2251200
3518,1300350
3519,1762450
3520,7532700
3521,17656250
3522,17143350
3523,2475900
3524,1762450
3525,7391950
3526,12636750
3527,2805150
3528,1300350
3529,706650
3530,7087500
3531,1207500
3532,1127550
3533,2600300
3534,17143350
3535,706650
3536,1300350
3537,2600300
3538,14175000
3539,4751250
3540,1300350
3541,2092600
3542,706650
3543,1300350
3544,1300350
3545,378000
3546,3301650
3547,1300350
3548,8862000
3549,706650
3550,1084950
3551,706650
3552,2396100
3553,2475900
3554,1207500
3555,727650
3556,1276200
3557,2475900
3558,1300350
3559,706650
3560,706650
3561,1501500
3562,1300350
3563,4078650
3564,9117150
3565,2312550
3566,1653750
3567,5071700
3568,1127550
3569,572250
3570,2396100
3571,1300350
3572,1300350
3573,1653750
3574,25407100
3575,7087500
3576,7532700
3577,1300350
3578,2600300
3579,1762450
3580,1868500
3581,1501500
3582,1300350
3583,2180850
3584,5250000
3585,2475900
3586,1501500
3587,2600300
3588,2396100
3589,1653750
3590,1653750
3591,706650
3592,2251200
3593,5071700
3594,670950
3595,2180850
3596,1338750
3597,5659500
3598,5071850
3599,706650
3600,1437900
3601,706650
3602,9071950
3603,706650
3604,1300350
3605,1300350
3606,2312550
3607,706650
3608,706650
3609,1276200
3610,760200
3611,17143350
3612,7087500
3613,2289000
3614,10500000
3615,850500
3616,7532700
3617,1127550
3618,14595000
3619,3301650
3620,2805150
3621,7391950
3622,850500
3623,706650
3624,1300350
3625,1300350
3626,12374250
3627,2396100
3628,706650
3629,2805150
3630,706650
3631,1235750
3632,8026650
3633,706650
3634,2180850
3635,1276200
3636,760200
3637,2805150
3638,1300350
3639,1300350
3640,2439150
3641,2475900
3642,7081200
3643,1762450
3644,7245000
3645,706650
3646,5071700
3647,2600300
3648,1300350
3649,2180850
3650,8026650
3651,2251200
3652,2600300
3653,14942400
3654,527650
3655,760200
3656,3243250
3657,20790000
3658,7087500
3659,1365000
3660,527650
3661,5187000
3662,8581400
3663,7532700
3664,5071700
3665,676200
3666,1300350
3667,10500000
3668,7087500
3669,727650
3670,5659500
3671,2600300
3672,1300350
3673,2251200
3674,1314600
3675,1300350
3676,2805150
3677,25407100
3678,2312550
3679,706650
3680,1978200
3681,5250000
3682,706650
3683,706650
3684,7087500
3685,14322000
3686,25407100
3687,1653750
3688,2805150
3689,1127550
3690,850500
3691,6090000
3692,10500000
3693,1084950
3694,1084950
3695,706650
3696,2073150
3697,14942400
3698,2805150
3699,9117150
3700,1207500
3701,1084950
3702,2600300
3703,850500
3704,19110000
3705,3186750
3706,5762400
3707,1501500
3708,2439150
3709,2312550
3710,1300350
3711,706650
3712,1276200
3713,501900
3714,8026650
3715,5071700
3716,5659500
3717,706650
3718,2439150
3719,7087500
3720,14595000
3721,706650
3722,2396100
3723,2251200
3724,2475900
3725,2092600
3726,676200
3727,2289000
3728,706650
3729,8026650
3730,7087500
3731,1084950
3732,706650
3733,1207500
3734,5762400
3735,1443750
3736,8026650
3737,1300350
3738,1501500
3739,4751250
3740,1300350
3741,1084950
3742,850500
3743,676200
3744,3811500
3745,2180850
3746,1127550
3747,1762450
3748,676200
3749,2600300
3750,1276200
3751,1348200
3752,5071700
3753,5460000
3754,2312550
3755,2805150
3756,2439150
3757,2312550
3758,2600300
3759,1300350
3760,2396100
3761,17143350
3762,676200
3763,3301650
3764,5762400
3765,2396100
3766,1532500
3767,2251200
3768,850500
3769,2600300
3770,2312550
3771,2396100
3772,2439150
3773,1300350
3774,2475900
3775,3920700
3776,2251200
3777,2600300
3778,2251200
3779,1300350
3780,2439150
3781,1300350
3782,5250000
3783,5874150
3784,2475900
3785,706650
3786,676200
3787,706650
3788,706650
3789,2439150
3790,5071700
3791,1084950
3792,1501500
3793,1300350
3794,1485750
3795,1300350
3796,706650
3797,2031750
3798,14595000
3799,676200
3800,2251200
3801,2871150
3802,760200
3803,1127550
3804,706650
3805,7087500
3806,706650
3807,5250000
3808,1300350
3809,2396100
3810,2475900
3811,1762450
3812,17143350
3813,727650
3814,1300350
3815,1300350
3816,7087500
3817,10011750
3818,1437900
3819,1300350
3820,1207500
3821,1300350
3822,1501500
3823,1300350
3824,706650
3825,544950
3826,2312550
3827,1627500
3828,1300350
3829,1207500
3830,706650
3831,850500
3832,1762450
3833,2180850
3834,1300350
3835,706650
3836,2475900
3837,1127550
3838,1300350
3839,2312550
3840,2600300
3841,7087500
3842,14593550
3843,706650
3844,1127550
3845,5071700
3846,1300350
3847,4567500
3848,2312550
3849,2439150
3850,5762400
3851,2854950
3852,17656250
3853,706650
3854,7532700
3855,5086200
3856,760200
3857,1585500
3858,2396100
3859,1300350
3860,8026650
3861,1300350
3862,1653750
3863,727650
3864,1300350
3865,2600300
3866,1300350
3867,727650
3868,2855400
3869,760200
3870,2180850
3871,2312550
3872,16273550
3873,1207500
3874,5762400
3875,2047000
3876,1314600
3877,2600300
3878,706650
3879,1300350
3880,7532700
3881,6293700
3882,850500
3883,1300350
3884,5071700
3885,1300350
3886,3295950
3887,6090000
3888,2439150
3889,676200
3890,5762400
3891,1127550
3892,1762450
3893,1300350
3894,706650
3895,8026650
3896,2312550
3897,1127550
3898,7532700
3899,25407100
3900,706650
3901,676200
3902,3705250
3903,1300350
3904,2805150
3905,7532700
3906,1653750
3907,5307750
3908,1276200
3909,7532700
3910,760200
3911,2439150
3912,676200
3913,7087500
3914,5071700
3915,706650
3916,1300350
3917,2047000
3918,760200
3919,5336950
3920,2439150
3921,676200
3922,5071700
3923,2251200
3924,5250000
3925,2475900
3926,20790000
3927,1762450
3928,727650
3929,3295950
3930,706650
3931,676200
3932,1300350
3933,8026650
3934,1300350
3935,2251200
3936,2312550
3937,1300350
3938,1501500
3939,1762450
3940,2396100
3941,2396100
3942,1501500
3943,1762450
3944,2312550
3945,2092600
3946,4751250
3947,544950
3948,2047000
3949,8026650
3950,1207500
3951,2073150
3952,706650
3953,2475900
3954,2115750
3955,1300350
3956,1207500
3957,2475900
3958,2396100
3959,7532700
3960,706650
3961,9117150
3962,1978200
3963,7087500
3964,2180850
3965,895650
3966,1276200
3967,5071850
3968,7532700
3969,2152500
3970,706650
3971,4751250
3972,1276200
3973,8347500
3974,1127550
3975,2854950
3976,850500
3977,670950
3978,19110000
3979,1300350
3980,706650
3981,706650
3982,676200
3983,2600300
3984,14595000
3985,25407100
3986,676200
3987,1300350
3988,2251200
3989,676200
3990,1084950
3991,2439150
3992,7087500
3993,2047000
3994,1762450
3995,1127550
3996,544950
3997,1127550
3998,727650
3999,591150
4000,2396100
4001,1300350
4002,1300350
4003,706650
4004,7087500
4005,1300350
4006,5502000
4007,572250
4008,1300350
4009,6090000
4010,2180850
4011,8967000
4012,5071850
4013,706650
4014,706650
4015,2439150
4016,20790000
4017,760200
4018,378000
4019,8026650
4020,706650
4021,544950
4022,8026650
4023,8026650
4024,1300350
4025,727650
4026,1762450
4027,1653750
4028,1127550
4029,5071700
4030,7532700
4031,676200
4032,706650
4033,1300350
4034,10489500
4035,706650
4036,5762400
4037,850500
4038,2805150
4039,1348200
4040,2047000
4041,676200
4042,676200
4043,5071700
4044,676200
4045,4751250
4046,7087500
4047,2855400
4048,5071700
4049,7087500
4050,706650
4051,2251200
4052,5071700
4053,727650
4054,850500
4055,1084950
4056,1300350
4057,1762450
4058,16273550
4059,12769050
4060,2251200
4061,7532700
4062,2475900
4063,2312550
4064,676200
4065,2312550
4066,676200
4067,2600300
4068,670950
4069,1485750
4070,1300350
4071,5071700
4072,1300350
4073,5336950
4074,17159750
4075,2312550
4076,2475900
4077,6090000
4078,7532700
4079,706650
4080,378000
4081,2600300
4082,1127550
4083,706650
4084,7087500
4085,2115750
4086,2180850
4087,2251200
4088,1300350
4089,676200
4090,706650
4091,5444150
4092,1501500
4093,706650
4094,7532700
4095,706650
4096,1300350
4097,1636950
4098,1300350
4099,706650
4100,14595000
4101,1300350
4102,3301650
4103,676200
4104,3301650
4105,9117150
4106,850500
4107,2475900
4108,5071700
4109,2047000
4110,1300350
4111,3301650
4112,5071700
4113,676200
4114,4882500
4115,5250000
4116,1300350
4117,1365000
4118,2475900
4119,2600300
4120,12769050
4121,2312550
4122,1300350
4123,706650
4124,1276200
4125,1762450
4126,2805150
4127,5071700
4128,2396100
4129,676200
4130,1762450
4131,1207500
4132,544950
4133,706650
4134,2439150
4135,706650
4136,1084950
4137,670950
4138,1300350
4139,2805150
4140,1084950
4141,8967000
4142,12636750
4143,3301650
4144,5659500
4145,7087500
4146,1300350
4147,1300350
4148,2475900
4149,2805150
4150,2180850
4151,2312550
4152,5762400
4153,1300350
4154,1300350
4155,2396100
4156,6293700
4157,1653750
4158,7532700
4159,2600300
4160,2312550
4161,706650
4162,378000
4163,1300350
4164,4567500
4165,1300350
4166,3295950
4167,670950
4168,1314600
4169,1314600
4170,10500000
4171,706650
4172,7532700
4173,1127550
4174,3496500
4175,14595000
4176,1276200
4177,1276200
4178,25407100
4179,5187000
4180,3787700
4181,1300350
4182,1300350
4183,1127550
4184,2251200
4185,5071700
4186,19110000
4187,2312550
4188,1300350
4189,5071700
4190,1762450
4191,2251200
4192,7532700
4193,2600300
4194,17656250
4195,1300350
4196,17143350
4197,2439150
4198,1762450
4199,2600300
4200,2092600
4201,2439150
4202,1127550
4203,727650
4204,1300350
4205,1300350
4206,2180850
4207,850500
4208,850500
4209,727650
4210,1300350
4211,3920700
4212,544950
4213,1300350
4214,2475900
4215,706650
4216,706650
4217,706650
4218,706650
4219,1300350
4220,1300350
4221,706650
4222,1300350
4223,2115750
4224,1300350
4225,1300350
4226,7532700
4227,1501500
4228,676200
4229,2312550
4230,1127550
4231,706650
4232,7087500
4233,2047000
4234,706650
4235,850500
4236,2073150
4237,2475900
4238,706650
4239,5336950
4240,5250000
4241,706650
4242,1300350
4243,5250000
4244,2047000
4245,1314600
4246,7087500
4247,1679500
4248,1276200
4249,1501500
4250,7532700
4251,706650
4252,7087500
4253,727650
4254,7532700
4255,10489500
4256,2600300
4257,5071850
4258,2600300
4259,1300350
4260,1300350
4261,1276200
4262,5307750
4263,2180850
4264,2439150
4265,7087500
4266,1653750
4267,4078650
4268,7087500
4269,706650
4270,706650
4271,10500000
4272,1679500
4273,1207500
4274,5250000
4275,670950
4276,2396100
4277,670950
4278,5250000
4279,2180850
4280,5250000
4281,1300350
4282,1300350
4283,676200
4284,2475900
4285,7087500
4286,10489500
4287,5250000
4288,1532500
4289,1300350
4290,5307750
4291,706650
4292,706650
4293,5307750
4294,1300350
4295,1762450
4296,2115750
4297,706650
4298,17061050
4299,7087500
4300,8581400
4301,1300350
4302,2289000
4303,2289000
4304,2600300
4305,3505950
4306,17656250
4307,2600300
4308,1300350
4309,7391950
4310,8026650
4311,25407100
4312,14595000
4313,7087500
4314,901350
4315,706650
4316,706650
4317,1084950
4318,760200
4319,1348200
4320,10500000
4321,1348200
4322,1300350
4323,1300350
4324,676200
4325,5071700
4326,1300350
4327,4977000
4328,1762450
4329,1359150
4330,1627500
4331,1084950
4332,676200
4333,1300350
4334,1300350
4335,1276200
4336,1084950
4337,18742500
4338,12285000
4339,3301650
4340,1127550
4341,12769050
4342,1276200
4343,727650
4344,706650
4345,1084950
4346,2475900
4347,3822000
4348,5071700
4349,706650
4350,706650
4351,2475900
4352,706650
4353,2396100
4354,3920700
4355,706650
4356,1300350
4357,706650
4358,1653750
4359,7087500
4360,2396100
4361,1300350
4362,727650
4363,2600300
4364,715550
4365,850500
4366,1300350
4367,1762450
4368,706650
4369,5250000
4370,5250000
4371,1496250
4372,1300350
4373,2251200
4374,1300350
4375,378000
4376,1276200
4377,706650
4378,544950
4379,706650
4380,5336950
4381,2600300
4382,5071700
4383,5659500
4384,1762450
4385,850500
4386,706650
4387,5281500
4388,1314600
4389,7087500
4390,706650
4391,7532700
4392,3811500
4393,2600300
4394,2312550
4395,1585500
4396,1300350
4397,1496250
4398,501900
4399,1501500
4400,917700
4401,1300350
4402,1485750
4403,1300350
4404,2600300
4405,1276200
4406,760200
4407,5071700
4408,5086200
4409,18643250
4410,1314600
4411,1222050
4412,4751250
4413,1127550
4414,2312550
4415,1300350
4416,7087500
4417,1084950
4418,1300350
4419,1300350
4420,1485750
4421,2312550
4422,676200
4423,676200
4424,2396100
4425,5071700
4426,2312550
4427,2396100
4428,706650
4429,3811500
4430,5444150
4431,2068500
4432,2251200
4433,706650
4434,2805150
4435,2251200
4436,5250000
4437,850500
4438,2253850
4439,895650
4440,1300350
4441,1086150
4442,2092600
4443,2047000
4444,1300350
4445,1300350
4446,1276200
4447,7087500
4448,850500
4449,5071850
4450,5071700
4451,5250000
4452,6293700
4453,1501500
4454,17143350
4455,706650
4456,2600300
4457,706650
4458,2475900
4459,7087500
4460,676200
4461,572250
4462,706650
4463,7532700
4464,1868500
4465,760200
4466,706650
4467,1679500
4468,676200
4469,9849000
4470,1084950
4471,1300350
4472,1501500
4473,1300350
4474,2600300
4475,7532700
4476,1762450
4477,1300350
4478,1300350
4479,1300350
4480,850500
4481,17143350
4482,676200
4483,2600300
4484,7532700
4485,2180850
4486,501900
4487,1501500
4488,706650
4489,2396100
4490,1300350
4491,1084950
4492,9849000
4493,1276200
4494,1127550
4495,1300350
4496,4357500
4497,1300350
4498,2312550
4499,2396100
4500,676200
4501,2439150
4502,1300350
4503,544950
4504,727650
4505,21840000
4506,706650
4507,378000
4508,7087500
4509,5086200
4510,2031750
4511,5762400
4512,676200
4513,1300350
4514,2475900
4515,1532500
4516,1392300
4517,2805150
4518,1300350
4519,706650
4520,1636950
4521,5071700
4522,1300350
4523,1501500
4524,676200
4525,1762450
4526,1276200
4527,4078650
4528,2475900
4529,1207500
4530,7087500
4531,706650
4532,4078650
4533,1762450
4534,727650
4535,706650
4536,706650
4537,16706550
4538,1084950
4539,3496500
4540,7087500
4541,1501500
4542,1207500
4543,706650
4544,1300350
4545,1762450
4546,1485750
4547,2068500
4548,2251200
4549,1485750
4550,7532700
4551,1868500
4552,727650
4553,572250
4554,1084950
4555,1300350
4556,7532700
4557,706650
4558,1300350
4559,7753200
4560,1084950
4561,1300350
4562,850500
4563,2600300
4564,544950
4565,17656250
4566,706650
4567,2396100
4568,3301650
4569,706650
4570,706650
4571,8026650
4572,727650
4573,25407100
4574,1084950
4575,2251200
4576,706650
4577,1084950
4578,10500000
4579,6090000
4580,2871150
4581,4078650
4582,1300350
4583,1485750
4584,14942400
4585,2312550
4586,1084950
4587,706650
4588,2439150
4589,2439150
4590,1762450
4591,2251200
4592,5071850
4593,1300350
4594,7532700
4595,1300350
4596,3496500
4597,1762450
4598,676200
4599,1207500
4600,1300350
4601,2396100
4602,850500
4603,2475900
4604,1276200
4605,727650
4606,1443750
4607,706650
4608,1084950
4609,5444150
4610,5250000
4611,7532700
4612,706650
4613,2312550
4614,1300350
4615,25407100
4616,4567500
4617,378000
4618,14942400
4619,12769050
4620,7532700
4621,7532700
4622,1300350
4623,1300350
4624,17061050
4625,2396100
4626,2047000
4627,850500
4628,5762400
4629,1485750
4630,2475900
4631,5071700
4632,5071700
4633,1653750
4634,2600300
4635,25407100
4636,1679500
4637,1300350
4638,2312550
4639,1300350
4640,9864150
4641,1276200
4642,1300350
4643,1300350
4644,1762450
4645,2180850
4646,24354150
4647,4078650
4648,706650
4649,2180850
4650,5250000
4651,1762450
4652,1501500
4653,1300350
4654,1300350
4655,706650
4656,544950
4657,2047000
4658,1300350
4659,1127550
4660,1300350
4661,1207500
4662,1300350
4663,1127550
4664,4078650
4665,2854950
4666,1300350
4667,2312550
4668,7087500
4669,2047000
4670,706650
4671,1084950
4672,706650
4673,17143350
4674,1084950
4675,7087500
4676,1086150
4677,2396100
4678,1207500
4679,1084950
4680,2805150
4681,706650
4682,706650
4683,676200
4684,2475900
4685,760200
4686,1365000
4687,2854950
4688,501900
4689,1501500
4690,1127550
4691,1300350
4692,2600300
4693,2475900
4694,8026650
4695,1300350
4696,7087500
4697,5071700
4698,1300350
4699,1127100
4700,1084950
4701,706650
4702,2396100
4703,12636750
4704,5444150
4705,5659500
4706,706650
4707,706650
4708,706650
4709,676200
4710,1300350
4711,5250000
4712,1276200
4713,2312550
4714,706650
4715,1496250
4716,2152500
4717,5444150
4718,1117200
4719,1300350
4720,1300350
4721,5071700
4722,7087500
4723,2475900
4724,706650
4725,1501500
4726,2805150
4727,1207500
4728,2598750
4729,1300350
4730,10500000
4731,4110750
4732,12915000
4733,1300350
4734,2600300
4735,7532700
4736,2047000
4737,706650
4738,706650
4739,501900
4740,2475900
4741,5444150
4742,10500000
4743,1127550
4744,5444150
4745,2251200
4746,19110000
4747,1084950
4748,706650
4749,2312550
4750,1300350
4751,2854950
4752,1086150
4753,706650
4754,1300350
4755,1300350
4756,25407100
4757,2600300
4758,2600300
4759,2600300
4760,1276200
4761,1207500
4762,2805150
4763,2855400
4764,760200
4765,676200
4766,1276200
4767,1300350
4768,10500000
4769,3295950
4770,9117150
4771,1300350
4772,1653750
4773,21706250
4774,2396100
4775,2439150
4776,20790000
4777,8967000
4778,25407100
4779,2600300
4780,2180850
4781,12636750
4782,895650
4783,706650
4784,7087500
4785,1300350
4786,706650
4787,706650
4788,2439150
4789,1300350
4790,17143350
4791,1653750
4792,1300350
4793,4751250
4794,1300350
4795,2887500
4796,1762450
4797,1300350
4798,2475900
4799,2312550
4800,7087500
4801,2439150
4802,1235750
4803,7753200
4804,2600300
4805,2180850
4806,20790000
4807,676200
4808,1762450
4809,1300350
4810,1653750
4811,1084950
4812,10500000
4813,2180850
4814,7665000
4815,1276200
4816,706650
4817,676200
4818,1653750
4819,760200
4820,1300350
4821,727650
4822,1276200
4823,2312550
4824,1314600
4825,2439150
4826,706650
4827,5250000
4828,544950
4829,2312550
4830,2805150
4831,1314600
4832,706650
4833,5250000
4834,2600300
4835,2251200
4836,1207500
4837,25407100
4838,1084950
4839,2475900
4840,5071700
4841,1300350
4842,1300350
4843,1207500
4844,7087500
4845,1207500
4846,378000
4847,676200
4848,2805150
4849,1300350
4850,1300350
4851,727650
4852,2818200
4853,1084950
4854,10489500
4855,706650
4856,1300350
4857,1207500
4858,2475900
4859,5355000
4860,1127550
4861,17143350
4862,1300350
4863,1653750
4864,1300350
4865,1127550
4866,6732350
4867,2312550
4868,5762400
4869,706650
4870,2312550
4871,1300350
4872,2312550
4873,2251200
4874,5071850
4875,1276200
4876,25407100
4877,3496500
4878,1627500
4879,2251200
4880,1636950
4881,1127550
4882,8699250
4883,5250000
4884,3496500
4885,5449500
4886,2251200
4887,2600300
4888,14595000
4889,1501500
4890,5250000
4891,2600300
4892,5444150
4893,14595000
4894,1300350
4895,901350
4896,6090000
4897,25407100
4898,670950
4899,760200
4900,2396100
4901,3920700
4902,3295950
4903,1276200
4904,1300350
4905,706650
4906,727650
4907,14595000
4908,3505950
4909,2047000
4910,1127550
4911,4110750
4912,501900
4913,5250000
4914,2439150
4915,1300350
4916,7532700
4917,7532700
4918,17143350
4919,706650
4920,1300350
4921,3496500
4922,2251200
4923,2600300
4924,1300350
4925,2475900
4926,1300350
4927,1207500
4928,706650
4929,850500
4930,2600300
4931,5071700
4932,676200
4933,5250000
4934,2312550
4935,501900
4936,1084950
4937,1276200
4938,2439150
4939,706650
4940,19110000
4941,676200
4942,2600300
4943,19110000
4944,7532700
4945,1300350
4946,706650
4947,706650
4948,706650
4949,1084950
4950,5762400
4951,4777500
4952,2475900
4953,1300350
4954,2396100
4955,1127550
4956,706650
4957,1300350
4958,727650
4959,49875000
4960,1501500
4961,706650
4962,1300350
4963,676200
4964,1276200
4965,7087500
4966,2047000
4967,2312550
4968,706650
4969,1300350
4970,2180850
4971,1300350
4972,8026650
4973,2600300
4974,2600300
4975,1653750
4976,706650
4977,1314600
4978,1300350
4979,2600300
4980,3770750
4981,1300350
4982,850500
4983,2600300
4984,676200
4985,706650
4986,727650
4987,2251200
4988,1627500
4989,2180850
4990,7087500
4991,25407100
4992,5336950
4993,2180850
4994,1365000
4995,9071950
4996,10500000
4997,5071700
4998,1276200
4999,1300350
5000,706650
5001,10500000
5002,727650
5003,706650
5004,706650
5005,2047000
5006,676200
5007,1485750
5008,2251200
5009,7532700
5010,1300350
5011,2180850
5012,1300350
5013,1300350
5014,7087500
5015,3301650
5016,676200
5017,5187000
5018,2805150
5019,18643250
5020,2439150
5021,2180850
5022,2251200
5023,25407100
5024,2180850
5025,17143350
5026,7087500
5027,2475900
5028,14175000
5029,7087500
5030,1127550
5031,706650
5032,1300350
5033,1679500
5034,706650
5035,2396100
5036,2600300
5037,2180850
5038,706650
5039,14595000
5040,1314600
5041,1585500
5042,1300350
5043,1300350
5044,2312550
5045,1300350
5046,1496250
5047,706650
5048,378000
5049,1300350
5050,850500
5051,4751250
5052,7087500
5053,1084950
5054,2475900
5055,1127550
5056,706650
5057,10500000
5058,706650
5059,760200
5060,544950
5061,18742500
5062,1300350
5063,676200
5064,2600300
5065,1300350
5066,1501500
5067,2253850
5068,895650
5069,2855400
5070,1300350
5071,1314600
5072,1300350
5073,1300350
5074,17143350
5075,5071700
5076,1276200
5077,572250
5078,1127550
5079,3496500
5080,706650
5081,1207500
5082,1501500
5083,1084950
5084,727650
5085,706650
5086,706650
5087,25407100
5088,2396100
5089,2818200
5090,1300350
5091,2312550
5092,706650
5093,676200
5094,378000
5095,676200
5096,2600300
5097,2312550
5098,1300350
5099,7087500
5100,2068500
5101,1501500
5102,1300350
5103,1300350
5104,1653750
5105,676200
5106,2396100
5107,1300350
5108,676200
5109,1127550
5110,1300350
5111,1501500
5112,1300350
5113,850500
5114,4819500
5115,1653750
5116,2047000
5117,12769050
5118,1485750
5119,1300350
5120,706650
5121,676200
5122,727650
5123,1443750
5124,2251200
5125,8026650
5126,1084950
5127,8026650
5128,2475900
5129,1762450
5130,1300350
5131,1300350
5132,7087500
5133,2092600
5134,2475900
5135,1300350
5136,1300350
5137,1762450
5138,3295950
5139,5250000
5140,5071700
5141,7087500
5142,6247500
5143,1300350
5144,2180850
5145,4751250
5146,2439150
5147,5762400
5148,1127550
5149,1762450
5150,1443750
5151,501900
5152,20790000
5153,1127550
5154,1300350
5155,676200
5156,5336950
5157,5444150
5158,7532700
5159,501900
5160,2312550
5161,17143350
5162,676200
5163,2439150
5164,17143350
5165,2871150
5166,2475900
5167,1300350
5168,1653750
5169,1762450
5170,706650
5171,7087500
5172,5071700
5173,2251200
5174,706650
5175,676200
5176,1300350
5177,2439150
5178,706650
5179,727650
5180,5444150
5181,706650
5182,5071700
5183,2396100
5184,3295950
5185,2115750
5186,2251200
5187,2092600
5188,706650
5189,1300350
5190,670950
5191,727650
5192,6247500
5193,8026650
5194,706650
5195,17143350
5196,5460000
5197,1300350
5198,1762450
5199,760200
5200,3301650
5201,1501500
5202,1084950
5203,2396100
5204,5336950
5205,2396100
5206,706650
5207,706650
5208,2396100
5209,706650
5210,1300350
5211,1300350
5212,1300350
5213,7087500
5214,1496250
5215,1300350
5216,1127550
5217,1762450
5218,2312550
5219,1300350
5220,706650
5221,1300350
5222,1485750
5223,5071700
5224,706650
5225,14595000
5226,2312550
5227,706650
5228,7532700
5229,2396100
5230,1084950
5231,1207500
5232,706650
5233,676200
5234,3920700
5235,1300350
5236,706650
5237,544950
5238,727650
5239,760200
5240,727650
5241,9071950
5242,1762450
5243,1679500
5244,2871150
5245,1314600
5246,1084950
5247,1127550
5248,20790000
5249,2396100
5250,1501500
5251,8026650
5252,4751250
5253,5071700
5254,706650
5255,1084950
5256,5250000
5257,2396100
5258,8820000
5259,2396100
5260,1300350
5261,1300350
5262,7391950
5263,21706250
5264,19110000
5265,5187000
5266,706650
5267,2251200
5268,2396100
5269,1300350
5270,1300350
5271,2180850
5272,2180850
5273,727650
5274,2253850
5275,1300350
5276,2600300
5277,7087500
5278,2439150
5279,676200
5280,3301650
5281,1437900
5282,706650
5283,5250000
5284,2180850
5285,8026650
5286,676200
5287,2396100
5288,2180850
5289,1348200
5290,8967000
5291,2047000
5292,1207500
5293,1868500
5294,2600300
5295,1084950
5296,7087500
5297,1276200
5298,8026650
5299,7245000
5300,1300350
5301,1084950
5302,2439150
5303,895650
5304,1762450
5305,1207500
5306,1300350
5307,1276200
5308,5071700
5309,1314600
5310,1222050
5311,2073150
5312,676200
5313,706650
5314,1300350
5315,1300350
5316,1127550
5317,5250000
5318,17143350
5319,14322000
5320,1276200
5321,1300350
5322,19110000
5323,7087500
5324,676200
5325,6090000
5326,1314600
5327,2600300
5328,9071950
5329,1127550
5330,9849000
5331,2396100
5332,706650
5333,706650
5334,1300350
5335,2600300
5336,676200
5337,544950
5338,2312550
5339,7087500
5340,3507000
5341,1300350
5342,5250000
5343,1300350
5344,2180850
5345,706650
5346,2251200
5347,1300350
5348,2115750
5349,706650
5350,727650
5351,2600300
5352,2289000
5353,676200
5354,1501500
5355,1762450
5356,1006950
5357,4666200
5358,5444150
5359,2600300
5360,2439150
5361,6732350
5362,9864150
5363,1638000
5364,4541250
5365,1338750
5366,1084950
5367,2396100
5368,7532700
5369,1762450
5370,1300350
5371,2475900
5372,2600300
5373,2396100
5374,1300350
5375,2396100
5376,760200
5377,706650
5378,1207500
5379,1300350
5380,1084950
5381,850500
5382,6927400
5383,21706250
5384,2312550
5385,1276200
5386,1084950
5387,1300350
5388,1762450
5389,1868500
5390,706650
5391,1443750
5392,4110750
5393,1207500
5394,19110000
5395,676200
5396,1276200
5397,2805150
5398,12636750
5399,9071950
5400,1127550
5401,5460000
5402,1276200
5403,18643250
5404,6090000
5405,2475900
5406,1207500
5407,1300350
5408,10489500
5409,850500
5410,3301650
5411,1276200
5412,14647500
5413,1762450
5414,1207500
5415,2180850
5416,2475900
5417,5071700
5418,1300350
5419,2251200
5420,1501500
5421,2251200
5422,5460000
5423,1300350
5424,1485750
5425,1300350
5426,1084950
5427,1300350
5428,1276200
5429,7665000
5430,9849000
5431,7532700
5432,7532700
5433,1300350
5434,1762450
5435,676200
5436,5491500
5437,1127550
5438,1207500
5439,5336950
5440,1127550
5441,2312550
5442,706650
5443,2439150
5444,7087500
5445,1300350
5446,7087500
5447,1300350
5448,3301650
5449,12636750
5450,706650
5451,676200
5452,12926550
5453,1300350
5454,17061050
5455,2439150
5456,5336950
5457,706650
5458,676200
5459,1762450
5460,1314600
5461,2600300
5462,706650
5463,2312550
5464,1300350
5465,1300350
5466,715550
5467,2600300
5468,2251200
5469,1300350
5470,1443750
5471,1300350
5472,1679500
5473,2475900
5474,1207500
5475,1300350
5476,1300350
5477,5916150
5478,706650
5479,2251200
5480,7087500
5481,706650
5482,706650
5483,1300350
5484,7532700
5485,7532700
5486,8026650
5487,7087500
5488,544950
5489,1762450
5490,7391950
5491,706650
5492,1127550
5493,1127550
5494,1300350
5495,1638000
5496,5071700
5497,5071850
5498,760200
5499,5071700
5500,2475900
5501,706650
5502,706650
5503,5250000
5504,5071700
5505,7087500
5506,2312550
5507,5281500
5508,670950
5509,2251200
5510,727650
5511,3301650
5512,850500
5513,1300350
5514,2475900
5515,706650
5516,4751250
5517,1300350
5518,760200
5519,2805150
5520,727650
5521,17143350
5522,727650
5523,2047000
5524,2180850
5525,1762450
5526,727650
5527,2805150
5528,1392300
5529,5444150
5530,706650
5531,2600300
5532,2180850
5533,378000
5534,1300350
5535,2289000
5536,1437900
5537,7532700
5538,6090000
5539,1653750
5540,1300350
5541,2600300
5542,2396100
5543,7532700
5544,1300350
5545,3705250
5546,2475900
5547,5124000
5548,2600300
5549,1300350
5550,6482700
5551,850500
5552,7087500
5553,676200
5554,7087500
5555,2312550
5556,2475900
5557,1276200
5558,1501500
5559,676200
5560,4078650
5561,2600300
5562,2805150
5563,7087500
5564,1300350
5565,706650
5566,706650
5567,2251200
5568,2600300
5569,706650
5570,1627500
5571,1300350
5572,12285000
5573,14942400
5574,2312550
5575,8026650
5576,10489500
5577,17143350
5578,2805150
5579,2439150
5580,727650
5581,1300350
5582,20790000
5583,2396100
5584,5071700
5585,7532700
5586,706650
5587,17061050
5588,4751250
5589,5336950
5590,706650
5591,14942400
5592,5071700
5593,4110750
5594,544950
5595,17061050
5596,17061050
5597,706650
5598,1978200
5599,706650
5600,7448650
5601,706650
5602,14595000
5603,1300350
5604,10489500
5605,2600300
5606,850500
5607,727650
5608,1300350
5609,4977000
5610,2475900
5611,5071700
5612,1127550
5613,1501500
5614,706650
5615,1300350
5616,2475900
5617,5071700
5618,706650
5619,7087500
5620,2745750
5621,1314600
5622,501900
5623,5071700
5624,2312550
5625,7532700
5626,706650
5627,1207500
5628,1300350
5629,2312550
5630,2180850
5631,25407100
5632,2180850
5633,1127550
5634,715550
5635,2180850
5636,1638000
5637,1207500
5638,7979950
5639,1585500
5640,4078650
5641,2047000
5642,1300350
5643,378000
5644,5071700
5645,3496500
5646,4078650
5647,5250000
5648,21706250
5649,1365000
5650,1300350
5651,2600300
5652,706650
5653,2251200
5654,4751250
5655,1762450
5656,7087500
5657,2180850
5658,2600300
5659,544950
5660,1300350
5661,2475900
5662,5071850
5663,727650
5664,2047000
5665,19110000
5666,1762450
5667,5071700
5668,19110000
5669,7087500
5670,1207500
5671,7665000
5672,1276200
5673,2600300
5674,21706250
5675,850500
5676,1300350
5677,1300350
5678,1300350
5679,3301650
5680,2871150
5681,706650
5682,5659500
5683,5307750
5684,544950
5685,8026650
5686,2068500
5687,706650
5688,5444150
5689,6482700
5690,544950
5691,2600300
5692,2180850
5693,1300350
5694,8262150
5695,3295950
5696,727650
5697,706650
5698,706650
5699,706650
5700,727650
5701,1300350
5702,2289000
5703,676200
5704,8026650
5705,9117150
5706,1300350
5707,1276200
5708,1084950
5709,3770750
5710,572250
5711,1127550
5712,5762400
5713,1201200
5714,2475900
5715,14595000
5716,1127550
5717,706650
5718,7532700
5719,2805150
5720,501900
5721,850500
5722,1300350
5723,850500
5724,1300350
5725,1300350
5726,706650
5727,1300350
5728,1348200
5729,2251200
5730,9849000
5731,706650
5732,2396100
5733,1300350
5734,706650
5735,727650
5736,12915000
5737,12636750
5738,2475900
5739,727650
5740,727650
5741,1127550
5742,2871150
5743,10500000
5744,850500
5745,7532700
5746,1300350
5747,7087500
5748,17143350
5749,2180850
5750,1300350
5751,850500
5752,1501500
5753,706650
5754,1300350
5755,5336950
5756,1300350
5757,11009250
5758,6293700
5759,706650
5760,706650
5761,5071700
5762,1300350
5763,727650
5764,1300350
5765,17143350
5766,4078650
5767,1300350
5768,1127550
5769,901350
5770,1300350
5771,2396100
5772,14647500
5773,2600300
5774,7087500
5775,8026650
5776,7087500
5777,1300350
5778,2068500
5779,7081200
5780,850500
5781,850500
5782,850500
5783,676200
5784,1300350
5785,1762450
5786,2115750
5787,760200
5788,2805150
5789,21706250
5790,1978200
5791,2439150
5792,2475900
5793,7391950
5794,1207500
5795,4751250
5796,1532500
5797,2251200
5798,2439150
5799,2115750
5800,5444150
5801,1762450
5802,1300350
5803,2396100
5804,12769050
5805,4977000
5806,2115750
5807,1365000
5808,2439150
5809,1300350
5810,14942400
5811,5460000
5812,5762400
5813,1300350
5814,2475900
5815,727650
5816,706650
5817,1679500
5818,2600300
5819,2600300
5820,1127550
5821,5355000
5822,2180850
5823,1127550
5824,850500
5825,1300350
5826,5071850
5827,2805150
5828,706650
5829,1300350
5830,1496250
5831,1300350
5832,5250000
5833,1207500
5834,706650
5835,1314600
5836,676200
5837,19110000
5838,5762400
5839,5307750
5840,706650
5841,6090000
5842,5250000
5843,1501500
5844,1300350
5845,12442500
5846,676200
5847,1300350
5848,2180850
5849,1627500
5850,1300350
5851,2312550
5852,1300350
5853,2251200
5854,3787700
5855,24354150
5856,1653750
5857,2251200
5858,10500000
5859,2439150
5860,1084950
5861,2475900
5862,676200
5863,2251200
5864,1485750
5865,727650
5866,1627500
5867,706650
5868,895650
5869,1127550
5870,727650
5871,544950
5872,2475900
5873,706650
5874,2251200
5875,2887500
5876,2855400
5877,706650
5878,1300350
5879,2312550
5880,501900
5881,1276200
5882,1300350
5883,1300350
5884,1762450
5885,17159750
5886,1127550
5887,572250
5888,1300350
5889,2600300
5890,1300350
5891,1679500
5892,676200
5893,20790000
5894,706650
5895,7532700
5896,706650
5897,4078650
5898,7087500
5899,2092600
5900,1762450
5901,1300350
5902,1300350
5903,1679500
5904,7087500
5905,1127550
5906,1653750
5907,2439150
5908,5071700
5909,2439150
5910,5071850
5911,706650
5912,7665000
5913,760200
5914,1638000
5915,1300350
5916,1127550
5917,676200
5918,1300350
5919,1276200
5920,25407100
5921,1207500
5922,3505950
5923,1127100
5924,4751250
5925,2180850
5926,1300350
5927,5086200
5928,2600300
5929,4078650
5930,676200
5931,850500
5932,1207500
5933,5071700
5934,2439150
5935,1501500
5936,18742500
5937,706650
5938,2396100
5939,1300350
5940,2396100
5941,19110000
5942,2439150
5943,5307750
5944,706650
5945,2396100
5946,2600300
5947,1300350
5948,7532700
5949,706650
5950,2396100
5951,850500
5952,5762400
5953,2251200
5954,706650
5955,850500
5956,1300350
5957,676200
5958,5250000
5959,2396100
5960,2251200
5961,1127550
5962,727650
5963,7087500
5964,4078650
5965,1300350
5966,5307750
5967,676200
5968,12769050
5969,1127550
5970,706650
5971,706650
5972,2805150
5973,7245000
5974,17143350
5975,706650
5976,8026650
5977,2855400
5978,5071700
5979,1485750
5980,706650
5981,4751250
5982,5250000
5983,3243250
5984,2475900
5985,1207500
5986,2312550
5987,8026650
5988,544950
5989,7087500
5990,1300350
5991,706650
5992,1300350
5993,1653750
5994,7532700
5995,12769050
5996,676200
5997,895650
5998,8026650
5999,1300350
6000,4078650
6001,2092600
6002,9849000
6003,2600300
6004,1084950
6005,4078650
6006,5336950
6007,850500
6008,850500
6009,5307750
6010,1127550
6011,727650
6012,8026650
6013,1300350
6014,3770750
6015,1365000
6016,4078650
6017,1300350
6018,1636950
6019,727650
6020,2439150
6021,706650
6022,2312550
6023,25407100
6024,4672500
6025,706650
6026,7087500
6027,727650
6028,2805150
6029,1921500
6030,2600300
6031,2475900
6032,1127550
6033,7532700
6034,1084950
6035,2253850
6036,12769050
6037,1300350
6038,4078650
6039,7753200
6040,1207500
6041,2251200
6042,1300350
6043,1636950
6044,2180850
6045,1276200
6046,16273550
6047,14322000
6048,1300350
6049,706650
6050,7532700
6051,2180850
6052,4200000
6053,1300350
6054,1762450
6055,2312550
6056,706650
6057,706650
6058,1127550
6059,676200
6060,1300350
6061,1300350
6062,3705250
6063,1127550
6064,1084950
6065,1084950
6066,7532700
6067,1127550
6068,850500
6069,25407100
6070,2600300
6071,1276200
6072,706650
6073,1300350
6074,2312550
6075,706650
6076,706650
6077,715550
6078,2396100
6079,1300350
6080,676200
6081,1300350
6082,2396100
6083,706650
6084,1300350
6085,4078650
6086,1300350
6087,2600300
6088,8699250
6089,1276200
6090,2475900
6091,1127550
6092,2600300
6093,706650
6094,2312550
6095,706650
6096,14595000
6097,1300350
6098,1300350
6099,544950
6100,5071850
6101,2475900
6102,706650
6103,2251200
6104,5250000
6105,760200
6106,6331500
6107,670950
6108,1300350
6109,706650
6110,1762450
6111,706650
6112,35175000
6113,1300350
6114,706650
6115,706650
6116,2180850
6117,2475900
6118,1300350
6119,676200
6120,6090000
6121,2600300
6122,1762450
6123,7532700
6124,706650
6125,2180850
6126,1276200
6127,1207500
6128,17159750
6129,706650
6130,1300350
6131,706650
6132,7087500
6133,2251200
6134,7532700
6135,25407100
6136,1300350
6137,1300350
6138,706650
6139,8026650
6140,2047000
6141,7087500
6142,7532700
6143,1365000
6144,1653750
6145,706650
6146,706650
6147,8026650
6148,3770750
6149,1207500
6150,19110000
6151,706650
6152,2600300
6153,1300350
6154,1300350
6155,706650
6156,1300350
6157,3295950
6158,676200
6159,706650
6160,1207500
6161,2600300
6162,1235750
6163,8026650
6164,670950
6165,706650
6166,14595000
6167,3282200
6168,5444150
6169,2439150
6170,670950
6171,2439150
6172,2475900
6173,2805150
6174,4819500
6175,1392300
6176,2251200
6177,5762400
6178,706650
6179,1084950
6180,1300350
6181,706650
6182,17143350
6183,14595000
6184,706650
6185,1300350
6186,706650
6187,1300350
6188,12804150
6189,1276200
6190,3295950
6191,2180850
6192,1300350
6193,3496500
6194,4110750
6195,676200
6196,2047000
6197,706650
6198,1084950
6199,706650
6200,1276200
6201,706650
6202,2312550
6203,1207500
6204,676200
6205,1300350
6206,5187000
6207,706650
6208,2312550
6209,1501500
6210,727650
6211,1300350
6212,1300350
6213,2312550
6214,727650
6215,706650
6216,7087500
6217,7087500
6218,1300350
6219,2312550
6220,5250000
6221,2805150
6222,5071700
6223,5444150
6224,9117150
6225,676200
6226,1762450
6227,676200
6228,706650
6229,544950
6230,1300350
6231,2115750
6232,1086150
6233,2251200
6234,706650
6235,1300350
6236,706650
6237,19110000
6238,1300350
6239,2600300
6240,2312550
6241,5762400
6242,1084950
6243,1762450
6244,2312550
6245,6331500
6246,7532700
6247,5250000
6248,1653750
6249,1086150
6250,2312550
6251,706650
6252,1207500
6253,7087500
6254,7087500
6255,676200
6256,2600300
6257,1300350
6258,5071850
6259,17143350
6260,850500
6261,706650
6262,1300350
6263,2047000
6264,2439150
6265,9117150
6266,2180850
6267,544950
6268,1300350
6269,706650
6270,3937500
6271,2600300
6272,17143350
6273,2600300
6274,2475900
6275,1762450
6276,1300350
6277,706650
6278,1300350
6279,2600300
6280,760200
6281,5071850
6282,2475900
6283,17143350
6284,6090000
6285,706650
6286,2312550
6287,1276200
6288,1300350
6289,2180850
6290,5071700
6291,1300350
6292,706650
6293,706650
6294,2312550
6295,2031750
6296,3787700
6297,676200
6298,2396100
6299,1300350
6300,1762450
6301,706650
6302,2312550
6303,760200
6304,7532700
6305,727650
6306,7532700
6307,2180850
6308,706650
6309,706650
6310,9849000
6311,2251200
6312,727650
6313,1084950
6314,9117150
6315,12769050
6316,12636750
6317,2396100
6318,17061050
6319,5075700
6320,1653750
6321,2600300
6322,1084950
6323,760200
6324,1300350
6325,10500000
6326,1300350
6327,2600300
6328,2439150
6329,5071850
6330,2312550
6331,5659500
6332,2805150
6333,3505950
6334,676200
6335,3937500
6336,1300350
6337,895650
6338,7532700
6339,760200
6340,1300350
6341,2180850
6342,1084950
6343,7087500
6344,895650
6345,1496250
6346,1084950
6347,2251200
6348,2855400
6349,706650
6350,1300350
6351,12769050
6352,5336950
6353,7339500
6354,1977300
6355,706650
6356,2312550
6357,706650
6358,2047000
6359,2475900
6360,727650
6361,3496500
6362,7532700
6363,4110750
6364,1300350
6365,7087500
6366,1300350
6367,1300350
6368,2251200
6369,727650
6370,4078650
6371,5071850
6372,2600300
6373,1300350
6374,2396100
6375,5071700
6376,760200
6377,1127550
6378,2475900
6379,2805150
6380,676200
6381,14595000
6382,676200
6383,5071700
6384,2600300
6385,5336950
6386,5071700
6387,2475900
6388,8026650
6389,2600300
6390,2475900
6391,25407100
6392,706650
6393,676200
6394,2251200
6395,17143350
6396,1300350
6397,1127550
6398,7087500
6399,1084950
6400,1207500
6401,2475900
6402,715550
6403,2251200
6404,7087500
6405,3770750
6406,1348200
6407,5250000
6408,1762450
6409,727650
6410,706650
6411,5336950
6412,8026650
6413,20790000
6414,706650
6415,1300350
6416,1207500
6417,2047000
6418,676200
6419,2600300
6420,1762450
6421,8026650
6422,19110000
6423,676200
6424,12769050
6425,12769050
6426,1762450
6427,1148700
6428,19110000
6429,1127550
6430,2475900
6431,5250000
6432,715550
6433,1300350
6434,706650
6435,850500
6436,706650
6437,670950
6438,676200
6439,706650
6440,5762400
6441,5444150
6442,1084950
6443,1300350
6444,2073150
6445,1276200
6446,1300350
6447,7532700
6448,2600300
6449,1300350
6450,706650
6451,1300350
6452,2180850
6453,2251200
6454,2600300
6455,2396100
6456,7087500
6457,2600300
6458,706650
6459,1306200
6460,2600300
6461,901350
6462,760200
6463,1762450
6464,1348200
6465,12636750
6466,8967000
6467,2600300
6468,706650
6469,5071700
6470,7087500
6471,1762450
6472,706650
6473,895650
6474,2253850
6475,12769050
6476,1762450
6477,1762450
6478,1084950
6479,1300350
6480,8026650
6481,706650
6482,1207500
6483,5307750
6484,727650
6485,727650
6486,2251200
6487,706650
6488,2600300
6489,10011750
6490,901350
6491,17143350
6492,5444150
6493,2600300
6494,1762450
6495,1084950
6496,2180850
6497,1300350
6498,2805150
6499,706650
6500,1762450
6501,1300350
6502,19110000
6503,4751250
6504,1207500
6505,14322000
6506,5562050
6507,2312550
6508,4977000
6509,1300350
6510,1084950
6511,727650
6512,3787700
6513,2092600
6514,1501500
6515,901350
6516,7087500
6517,4110750
6518,1084950
6519,544950
6520,7532700
6521,1197000
6522,1084950
6523,7532700
6524,2439150
6525,2475900
6526,1653750
6527,1006950
6528,760200
6529,1501500
6530,706650
6531,1300350
6532,4078650
6533,2475900
6534,12769050
6535,7087500
6536,1300350
6537,3811500
6538,2475900
6539,1084950
6540,378000
6541,25407100
6542,2180850
6543,7532700
6544,1348200
6545,14595000
6546,2251200
6547,1084950
6548,706650
6549,706650
6550,727650
6551,378000
6552,706650
6553,706650
6554,2396100
6555,2600300
6556,760200
6557,17656250
6558,4110750
6559,2805150
6560,544950
6561,2312550
6562,572250
6563,1300350
6564,706650
6565,1144500
6566,1314600
6567,706650
6568,706650
6569,8862000
6570,850500
6571,850500
6572,2396100
6573,706650
6574,1300350
6575,2475900
6576,2600300
6577,706650
6578,1127550
6579,3496500
6580,1653750
6581,2475900
6582,2805150
6583,2600300
6584,1300350
6585,18742500
6586,378000
6587,2805150
6588,2319450
6589,2475900
6590,1300350
6591,9216750
6592,9849000
6593,2251200
6594,706650
6595,1762450
6596,3496500
6597,706650
6598,1300350
6599,2251200
6600,4567500
6601,2855400
6602,2475900
6603,3301650
6604,17143350
6605,20790000
6606,895650
6607,7532700
6608,2475900
6609,706650
6610,1300350
6611,1762450
6612,2600300
6613,7665000
6614,5355000
6615,21706250
6616,1300350
6617,2092600
6618,2312550
6619,706650
6620,706650
6621,4751250
6622,5071700
6623,5762400
6624,676200
6625,676200
6626,1084950
6627,1300350
6628,7087500
6629,1300350
6630,1306200
6631,5187000
6632,1300350
6633,1207500
6634,378000
6635,2396100
6636,1679500
6637,1207500
6638,2600300
6639,14595000
6640,760200
6641,2251200
6642,5250000
6643,2396100
6644,19110000
6645,4882500
6646,706650
6647,2396100
6648,2439150
6649,1300350
6650,5071850
6651,7087500
6652,850500
6653,8026650
6654,706650
6655,1276200
6656,19110000
6657,2805150
6658,17143350
6659,2251200
6660,706650
6661,1084950
6662,727650
6663,2475900
6664,1300350
6665,706650
6666,527650
6667,1679500
6668,2180850
6669,7087500
6670,1501500
6671,706650
6672,706650
6673,2047000
6674,1762450
6675,5762400
6676,3496500
6677,8026650
6678,706650
6679,5071850
6680,7532700
6681,7087500
6682,5336950
6683,1207500
6684,19110000
6685,6482700
6686,676200
6687,7087500
6688,1127550
6689,19110000
6690,706650
6691,4751250
6692,1235750
6693,850500
6694,8967000
6695,10500000
6696,676200
6697,10500000
6698,6090000
6699,1762450
6700,727650
6701,2092600
6702,1300350
6703,706650
6704,7087500
6705,3301650
6706,1127550
6707,2600300
6708,706650
6709,5071700
6710,7753200
6711,544950
6712,1762450
6713,2251200
6714,2312550
6715,1084950
6716,1207500
6717,2396100
6718,1276200
6719,1300350
6720,7532700
6721,8967000
6722,706650
6723,2180850
6724,14595000
6725,706650
6726,1207500
6727,17143350
6728,727650
6729,2312550
6730,676200
6731,1300350
6732,2475900
6733,572250
6734,544950
6735,850500
6736,2251200
6737,2180850
6738,1300350
6739,7391950
6740,1300350
6741,2251200
6742,7245000
6743,1207500
6744,1501500
6745,1300350
6746,1636950
6747,2475900
6748,706650
6749,5336950
6750,676200
6751,1679500
6752,25407100
6753,2475900
6754,572250
6755,9117150
6756,980700
6757,17143350
6758,1300350
6759,706650
6760,501900
6761,17143350
6762,706650
6763,12769050
6764,676200
6765,676200
6766,25407100
6767,706650
6768,1148700
6769,1300350
6770,2251200
6771,1084950
6772,7532700
6773,2600300
6774,1501500
6775,2600300
6776,1653750
6777,2600300
6778,1762450
6779,1300350
6780,2396100
6781,2600300
6782,10489500
6783,21706250
6784,706650
6785,2805150
6786,3295950
6787,10500000
6788,2600300
6789,850500
6790,2475900
6791,1679500
6792,5086200
6793,706650
6794,1762450
6795,544950
6796,1300350
6797,1300350
6798,7087500
6799,1207500
6800,10489500
6801,25407100
6802,7532700
6803,9071950
6804,3295950
6805,727650
6806,1300350
6807,1300350
6808,850500
6809,2439150
6810,1300350
6811,2600300
6812,2251200
6813,1348200
6814,1207500
6815,676200
6816,1506150
6817,706650
6818,5071850
6819,8026650
6820,1084950
6821,1084950
6822,544950
6823,2312550
6824,7339500
6825,727650
6826,2600300
6827,5502000
6828,1127550
6829,850500
6830,10500000
6831,2600300
6832,706650
6833,14595000
6834,1300350
6835,2251200
6836,676200
6837,727650
6838,1300350
6839,4357500
6840,6541500
6841,1276200
6842,2312550
6843,706650
6844,7087500
6845,706650
6846,1501500
6847,1084950
6848,2600300
6849,1485750
6850,7532700
6851,1207500
6852,1300350
6853,8699250
6854,706650
6855,7532700
6856,1653750
6857,19110000
6858,676200
6859,850500
6860,1300350
6861,1392300
6862,2251200
6863,4163250
6864,2115750
6865,2312550
6866,1086150
6867,1443750
6868,544950
6869,3496500
6870,1762450
6871,25407100
6872,8026650
6873,706650
6874,706650
6875,1314600
6876,1978200
6877,1762450
6878,1300350
6879,2439150
6880,7532700
6881,5491500
6882,706650
6883,2312550
6884,850500
6885,2312550
6886,1276200
6887,7532700
6888,2396100
6889,2396100
6890,1679500
6891,5250000
6892,1300350
6893,4882500
6894,706650
6895,3717000
6896,2312550
6897,17143350
6898,706650
6899,8026650
6900,7081200
6901,7087500
6902,14332500
6903,1276200
6904,19110000
6905,10500000
6906,2396100
6907,2251200
6908,1300350
6909,7665000
6910,760200
6911,2600300
6912,1207500
6913,850500
6914,727650
6915,2251200
6916,1501500
6917,2180850
6918,1300350
6919,676200
6920,2180850
6921,1300350
6922,1084950
6923,2180850
6924,1276200
6925,1501500
6926,760200
6927,378000
6928,4462500
6929,2805150
6930,1127550
6931,2396100
6932,1084950
6933,14175000
6934,2805150
6935,5336950
6936,2092600
6937,25407100
6938,1921500
6939,1207500
6940,706650
6941,676200
6942,1496250
6943,7532700
6944,5307750
6945,1276200
6946,1300350
6947,850500
6948,7532700
6949,2439150
6950,1300350
6951,706650
6952,1300350
6953,1638000
6954,1300350
6955,760200
6956,2396100
6957,1443750
6958,1762450
6959,2600300
6960,2600300
6961,19110000
6962,8026650
6963,2312550
6964,676200
6965,7532700
